{
    "optimierung_id": 1,
    "opt_result": [
        {
<<<<<<< HEAD
            "optimal_value": 3841.42156296216,
            "optimal_schrott_list": [
                355.42386821992113,
                1.4548531018477845e-13,
                1.6567623668078782e-13,
                21.578121561734875,
                1.7933052550110535e-11,
                17.646631046403215,
                1.351088594979967e-12,
                221.0340470752116,
                2.870054416546856e-13,
=======
            "optimal_value": 3727.435910957562,
            "optimal_schrott_list": [
                167.56651417707465,
>>>>>>> db70772e24128f24211189b22d9ca4bc48e849f1
                0.0,
                0.0,
                0.0,
                0.0,
                0.0,
                0.0,
<<<<<<< HEAD
                11.04931408232398
            ],
            "objective_values": {
                "1": 3757.95751953125,
                "2": 3820.171630859375,
                "3": 3848.42626953125,
                "4": 3854.119384765625,
                "5": 3873.08056640625,
                "6": 3873.08056640625,
                "7": 3873.08056640625,
                "8": 3873.08056640625,
                "9": 3873.08056640625
            },
            "elapsed_time": 4.887518644332886
=======
                144.32224441861734,
                0.0,
                0.0,
                0.0,
                0.0,
                0.0,
                0.0,
                0.0,
                0.0
            ],
            "objective_values": {
                "1": 3650.596923828125,
                "2": 3734.216552734375,
                "3": 3746.83740234375,
                "4": 3747.158935546875,
                "5": 3748.910888671875,
                "6": 3748.910888671875
            },
            "elapsed_time": 0.13901543617248535
>>>>>>> db70772e24128f24211189b22d9ca4bc48e849f1
        }
    ]
}