{
    "optimierung_id": 5,
    "opt_result": [
        {
            "optimal_value": 3915.4298148581975,
            "optimal_schrott_list": [
                1.9418570233828194,
                2.075098132908737e-08,
                2.1185239527932165e-08,
                2.0751241450872593e-08,
                0.41974603389896914,
                1.8059964163697666,
                133.23730013187847,
                0.0,
                141.28634822045464,
                139.85600996839761,
                0.0,
                0.0,
                0.0,
                0.0,
                0.0,
                0.0,
                0.0,
                0.0,
                0.0,
                0.0,
                0.0,
                0.0,
                0.0,
                0.0,
                0.0,
                0.0,
                0.0,
                0.0,
                0.0,
                0.0,
                0.048028357947603226,
                0.048028357933766946,
                2.5181587887140133,
                0.0,
                0.0,
                7.3105735029483965,
                5.4058346150692556,
                2.327175441295239,
                0.0,
                5.421281124204426,
                1.158566616689126,
                0.0,
                0.13189815189830068,
                1.1567700002648722,
                0.4106052731457646,
                0.8833662475536643,
                20.722365997104017,
                0.9190783952968948,
                22.67482365795304,
                19.160250317773905,
                3.7998255529688403,
                3.7998255529648852,
                0.0,
                0.0,
                0.0,
                0.0,
                4.708927917734806e-10,
                0.0,
                4.709186166018675e-10,
                28.389184728310386,
                1.0822447881034302e-11,
                9.82916886784987e-12,
                1.0732783358482741e-11,
                1.0731635547524048e-11,
                1.0058813547044907e-11,
                1.3714374423698817e-11,
                1.2032462140776313e-11,
                1.4010127588360297e-11,
                1.1021304809950448e-11,
                0.0,
                0.4809902922008366,
                1.6899084608201305,
                1.0921118955933524,
                1.0921118956135683,
                0.8510026498246619,
                1.0046864173940406e-09,
                87.60022951340098,
                1.608380318344372,
                86.58971242859654,
                93.10563117953359,
                5.520638418049843e-12,
                0.0,
                5.356739127729686e-12,
                5.446895891826043e-12,
                5.4515563542497734e-12,
                7.108980120112603e-12,
                7.51144889267705e-12,
                9.410143396141173e-12,
                7.604436317667038e-12,
                6.958086732650815e-12,
                0.0,
                0.0,
                0.0,
                0.0,
                0.0,
                1.8549311519241084e-12,
                0.0,
                2.91314913710078e-10,
                1.7017311083880497e-12,
                1.8115659303452054e-12,
                5.261187558373716e-11,
                4.813471779656655e-11,
                4.642759255842919e-11,
                5.3245585388579396e-11,
                4.966490631815742e-11,
                4.999107672739376e-11,
                5.5730006563657123e-11,
                5.4481585204035846e-11,
                5.317730787487986e-11,
                5.7806608758204114e-11,
                0.0,
                0.0,
                0.0,
                0.0,
                0.0,
                1.7558176733046541e-12,
                1.6187473151885424e-12,
                3.6804788025212155e-10,
                1.6994229011711885e-12,
                1.8109341157100963e-12,
                4.229237971023956e-12,
                4.755299567421191e-12,
                4.435716552869255e-12,
                0.0,
                4.6084840784317475e-12,
                6.0771573331692264e-12,
                6.654760170446e-12,
                8.017599154183584e-12,
                6.393386190349814e-12,
                6.31815854054748e-12,
                1.735039866499529e-12,
                1.6756777104667657e-12,
                8.726348297931862e-13,
                8.36483843075133e-13,
                1.0689362196498846e-12,
                2.9633201206985364e-12,
                3.72108972731015e-12,
                5.091216314365762e-12,
                0.0,
                3.4352942785884598e-12,
                1.0682162679366211e-10,
                1.1026733925901741e-10,
                1.0629339482160979e-10,
                1.1027138289943991e-10,
                0.0,
                0.0,
                0.0,
                0.0,
                9.7183846527963e-11,
                9.800067056692577e-11,
                0.10724014009627583,
                2.1802257721414975e-08,
                0.0,
                0.0,
                0.19508207480010498,
                2.265949348295715e-09,
                0.19561501991829355,
                0.27866227021434786,
                4.91740604508325,
                8.420244666753616
            ],
            "objective_values": {
                "1": 4836.0625,
                "2": 4847.708984375,
                "3": 4984.71875,
                "4": 5064.8623046875,
                "5": 5045.7470703125,
                "6": 4950.17041015625,
                "7": 4846.93994140625,
                "8": 4837.86572265625,
                "9": 4792.408203125,
                "10": 4565.31298828125,
                "11": 4295.0927734375,
                "12": 4294.97998046875,
                "13": 4294.4794921875,
                "14": 4292.029296875,
                "15": 4291.93408203125,
                "16": 4291.6123046875,
                "17": 4294.62060546875,
                "18": 4325.974609375,
                "19": 4363.748046875,
                "20": 4363.9638671875,
                "21": 4362.9296875,
                "22": 4363.25048828125,
                "23": 4363.265625,
                "24": 4364.60205078125,
                "25": 4367.81689453125,
                "26": 4329.05078125,
                "27": 4321.24267578125,
                "28": 4311.85302734375,
                "29": 4311.87939453125,
                "30": 4303.265625,
                "31": 4336.74755859375,
                "32": 4345.61669921875,
                "33": 4339.6083984375,
                "34": 4295.0419921875,
                "35": 4296.498046875,
                "36": 4292.77734375,
                "37": 4296.81298828125,
                "38": 4337.021484375,
                "39": 4293.30859375,
                "40": 4298.43701171875,
                "41": 4293.185546875,
                "42": 4309.7109375,
                "43": 4297.91748046875,
                "44": 4306.58935546875,
                "45": 4326.0576171875,
                "46": 4292.73974609375,
                "47": 4291.33203125,
                "48": 4291.12548828125,
                "49": 4291.04150390625,
                "50": 4291.04150390625
            },
            "elapsed_time": 2.783571243286133
        }
    ]
}