{
    "optimierung_id": 11,
    "opt_result": [
        {
            "optimal_value": 4017.1902230945702,
            "optimal_schrott_list": [
                187.36581876347879,
                0.0,
                0.0,
                0.0,
                0.0,
                187.2490899440511,
                0.0,
                0.0,
                250.07142024381622,
                187.33115773134273,
                4.993318007455647,
                4.992781137474053,
                0.0,
                0.0,
                0.0,
                0.0,
                0.0,
                0.0,
                0.0,
                0.0,
                0.0,
                0.0,
                0.0,
                3.816627016805332e-13,
                0.0,
                0.0,
                0.0,
                0.0,
                4.117594645870718,
                3.842415037189151e-13,
                0.0,
                0.0,
                0.0,
                0.0,
                0.0,
                0.0,
                0.0,
                0.0,
                0.0,
                0.0,
                2.0216965676397747,
                0.0,
                0.0,
                2.0216965676416594,
                0.0,
                2.035799697322291,
                0.0,
                0.0,
                0.0,
                0.0,
                8.638687030338993,
                8.638687030345038,
                0.0,
                0.0,
                0.0,
                0.0,
                0.0,
                0.0,
                0.0,
                8.638034245298325,
                0.0,
                0.0,
                0.0,
                0.0,
                0.0,
                0.0,
                0.0,
                0.0,
                0.0,
                0.0,
                0.0,
                0.0,
                0.0,
                0.0,
                0.0,
                0.0,
                0.0,
                0.0,
                0.0,
                0.0,
                0.0,
                0.0,
                0.0,
                0.0,
                0.0,
                0.0,
                0.0,
                0.0,
                0.0,
                0.0,
                0.0,
                0.0,
                0.0,
                0.0,
                0.0,
                0.0,
                0.0,
                0.0,
                0.0,
                0.0,
                0.0,
                0.0,
                0.0,
                0.0,
                0.0,
                0.0,
                0.0,
                0.0,
                0.0,
                0.0,
                0.0,
                0.0,
                0.0,
                0.0,
                0.0,
                0.0,
                0.0,
                0.0,
                0.0,
                0.0,
                0.0,
                0.0,
                0.0,
                0.0,
                0.0,
                0.0,
                0.0,
                0.0,
                0.0,
                0.0,
                0.0,
                0.0,
                0.0,
                0.0,
                0.0,
                0.0,
                0.0,
                0.0,
                0.0,
                0.0,
                1.2865153378336636e-14,
                0.0,
                17.847267362227488,
                0.0,
                0.0,
                0.0,
                0.0,
                0.0,
                0.0,
                0.0,
                0.0,
                1.6420630460806199e-13,
                0.0,
                0.0,
                1.5679689691027342e-13,
                1.6164030195114113e-13,
                0.0,
                0.0,
                0.0,
                21.497178614346634
            ],
            "objective_values": {
                "1": 4077.890380859375,
                "2": 4072.97021484375,
                "3": 4072.25146484375,
                "4": 4071.140625,
                "5": 4068.4658203125,
                "6": 4067.5634765625,
                "7": 4066.07666015625,
                "8": 4065.68212890625,
                "9": 4064.35107421875,
                "10": 4064.2841796875,
                "11": 4064.20166015625,
                "12": 4063.87939453125,
                "13": 4063.419921875,
                "14": 4063.19677734375,
                "15": 4063.121826171875,
                "16": 4063.00048828125,
                "17": 4062.799072265625,
                "18": 4062.67529296875,
                "19": 4062.374267578125,
                "20": 4062.2060546875,
                "21": 4062.1962890625,
                "22": 4062.148193359375,
                "23": 4062.0703125,
                "24": 4061.808349609375,
                "25": 4061.03466796875,
                "26": 4060.99658203125,
                "27": 4060.80517578125,
                "28": 4060.543212890625,
                "29": 4059.723876953125,
                "30": 4058.683837890625,
                "31": 4058.27880859375,
                "32": 4058.206787109375,
                "33": 4057.84619140625,
                "34": 4056.447265625,
                "35": 4049.936279296875,
                "36": 4050.83642578125,
                "37": 4048.74267578125,
                "38": 4047.99951171875,
                "39": 4046.18505859375,
                "40": 4045.601806640625,
                "41": 4045.590576171875,
                "42": 4045.58056640625,
                "43": 4045.563232421875,
                "44": 4045.53271484375,
                "45": 4045.5283203125,
                "46": 4045.538818359375,
                "47": 4045.397216796875,
                "48": 4045.083984375,
                "49": 4045.4091796875,
                "50": 4045.029296875,
                "51": 4045.00146484375,
                "52": 4044.98486328125,
                "53": 4044.9384765625,
                "54": 4044.8818359375,
                "55": 4044.7783203125,
                "56": 4044.26171875,
                "57": 4043.781494140625,
                "58": 4043.781494140625,
                "59": 4043.7783203125,
                "60": 4043.773681640625,
                "61": 4043.76806640625,
                "62": 4043.7626953125,
                "63": 4043.7626953125
            },
            "elapsed_time": 1.193331003189087
        }
    ]
}