{
    "optimierung_id": 7,
    "opt_result": [
        {
            "optimal_value": 3858.688262659154,
            "optimal_schrott_list": [
                0.0,
                126.28388187676919,
                0.9208472481828439,
                92.80238261537443,
                9.999953138906946,
                0.0,
                126.03865882538844,
                0.0,
                0.0,
                75.37190591139733,
                3.0061479265400517e-12,
                2.5362301485331843e-12,
                0.0,
                0.0,
                0.0,
                0.0,
                0.0,
                0.0,
                0.0,
                4.0350698043284394e-14,
                1.2579752030966652e-12,
                0.0,
                1.568755010565991e-12,
                6.06010263847799e-13,
                3.809702987106478e-12,
                0.0,
                0.0,
                0.0,
                0.0,
                0.0,
                0.0,
                3.794206864438823e-12,
                6.018357821923376,
                1.5163326760255442e-11,
                1.1699410473870606e-10,
                9.99972451095904,
                3.178167035817014e-10,
                15.393394213808048,
                3.6874104276884585e-10,
                3.186824913037418e-10,
                5.027122666520851e-11,
                4.966881351013738e-11,
                5.186822779166591e-11,
                5.085934401305922e-11,
                0.0,
                0.0,
                0.0,
                0.0,
                3.2800028134787603e-11,
                3.290160376970716e-11,
                6.850085147862981,
                5.0805251098817195,
                0.0,
                0.0,
                8.579201655906128e-12,
                1.3516570521176967e-10,
                2.069701570827367e-10,
                4.723248701876681e-13,
                2.0693489533817275e-10,
                13.374263366905877,
                5.1837772039898e-12,
                3.996964787527297e-12,
                5.471434532402105e-12,
                5.282911508063315e-12,
                6.216610993613488e-12,
                6.1910332666874e-12,
                4.958448834226728e-12,
                4.913129536741449e-12,
                4.679849190089246e-12,
                0.0,
                1.4373058013684195e-07,
                3.197688089283452,
                0.6082089596783118,
                9.395683366768509,
                1.9818191719003905e-07,
                8.688360430934167e-11,
                0.0,
                266.94602772088393,
                5.133327082502155e-08,
                0.0,
                4.650746136431596e-12,
                0.0,
                4.393480559438026e-12,
                4.022004872593377e-12,
                5.4776738475408856e-12,
                0.0,
                3.9487282481978425e-12,
                3.943953542113564e-12,
                3.962908736316144e-12,
                3.624283409154069e-12,
                3.3934692410638564e-13,
                7.529799648757478e-14,
                1.4721984292797429e-12,
                9.614158352553382e-13,
                2.462890470333951e-12,
                0.0,
                0.0,
                9.462508640832593e-13,
                1.0161741344617847e-12,
                9.470313259789838e-13,
                2.8151396533224074e-11,
                2.542219943356324e-11,
                2.590644445122062e-11,
                2.8916129943341686e-11,
                2.8272556408491357e-11,
                2.597609464685757e-11,
                2.7447430712268212e-11,
                2.6497543565004498e-11,
                2.7866486178695935e-11,
                2.8569989777798083e-11,
                1.1504906640588904e-12,
                0.0,
                1.388235679874092e-12,
                1.4034048561917739e-12,
                2.617731590278659e-12,
                0.0,
                8.532411209125096e-13,
                8.464116395357601e-13,
                8.904109890750155e-13,
                9.409407228948607e-13,
                3.4772695280478733e-12,
                3.0968329075718093e-12,
                4.008344502025783e-12,
                0.0,
                4.964827250446291e-12,
                0.0,
                3.350027566135358e-12,
                3.2570791525734162e-12,
                3.250637001594201e-12,
                3.251494538890386e-12,
                0.0,
                0.0,
                0.0,
                0.0,
                7.818933947406665e-13,
                0.0,
                3.210067621837563e-13,
                4.198072486593022e-13,
                0.0,
                1.0335813123417331e-13,
                0.0,
                0.0,
                0.0,
                0.0,
                0.0,
                0.0,
                0.0,
                0.0,
                3.2813348310172006e-11,
                3.236825536497664e-11,
                1.5846549975922246e-08,
                0.3088551030067962,
                2.2399326327175237,
                0.0,
                0.0,
                3.543941117723345e-10,
                0.0,
                0.0,
                0.0,
                11.804359526533219
            ],
            "objective_values": {
                "1": 4775.9375,
                "2": 5276.619140625,
                "3": 5263.90185546875,
                "4": 5241.4814453125,
                "5": 5218.2177734375,
                "6": 5198.8525390625,
                "7": 5186.82177734375,
                "8": 5169.6630859375,
                "9": 5169.1630859375,
                "10": 5172.65869140625,
                "11": 5166.39404296875,
                "12": 5164.98046875,
                "13": 5165.26318359375,
                "14": 5165.2998046875,
                "15": 5164.12353515625,
                "16": 5164.2734375,
                "17": 5164.56689453125,
                "18": 5164.04248046875,
                "19": 5164.1025390625,
                "20": 5163.97119140625,
                "21": 5163.6103515625,
                "22": 5162.3203125,
                "23": 5161.80810546875,
                "24": 5161.72119140625,
                "25": 5161.83349609375,
                "26": 5161.6513671875,
                "27": 5163.8408203125,
                "28": 5162.6103515625,
                "29": 5165.8486328125,
                "30": 5165.15869140625,
                "31": 5164.2861328125,
                "32": 5138.9501953125,
                "33": 5137.267578125,
                "34": 5103.9140625,
                "35": 5057.92041015625,
                "36": 5028.466796875,
                "37": 5007.6318359375,
                "38": 4999.40771484375,
                "39": 4966.27734375,
                "40": 4956.65185546875,
                "41": 4909.3603515625,
                "42": 4855.22607421875,
                "43": 4799.3251953125,
                "44": 4751.89208984375,
                "45": 4717.4169921875,
                "46": 4733.89013671875,
                "47": 4727.3076171875,
                "48": 4722.39794921875,
                "49": 4716.7646484375,
                "50": 4714.00341796875,
                "51": 4706.07568359375,
                "52": 4702.5478515625,
                "53": 4692.0068359375,
                "54": 4690.2021484375,
                "55": 4683.20751953125,
                "56": 4680.6796875,
                "57": 4675.05517578125,
                "58": 4669.21044921875,
                "59": 4663.35107421875,
                "60": 4661.38916015625,
                "61": 4662.72509765625,
                "62": 4661.197265625,
                "63": 4661.08251953125,
                "64": 4664.90869140625,
                "65": 4660.6962890625,
                "66": 4660.7939453125,