{
    "optimierung_id": 1,
    "opt_result": [
        {
            "optimal_value": 3841.42156296216,
            "optimal_schrott_list": [
                355.42386821992113,
                1.4548531018477845e-13,
                1.6567623668078782e-13,
                21.578121561734875,
                1.7933052550110535e-11,
                17.646631046403215,
                1.351088594979967e-12,
                221.0340470752116,
                2.870054416546856e-13,
                0.0,
                0.0,
                0.0,
                0.0,
                0.0,
                0.0,
                11.04931408232398
            ],
            "objective_values": {
                "1": 3757.95751953125,
                "2": 3820.171630859375,
                "3": 3848.42626953125,
                "4": 3854.119384765625,
                "5": 3873.08056640625,
                "6": 3873.08056640625,
                "7": 3873.08056640625,
                "8": 3873.08056640625,
                "9": 3873.08056640625
            },
            "elapsed_time": 4.887518644332886
        }
    ]
}