{
    "optimierung_id": 1,
    "opt_result": [
        {
            "optimal_value": 4229.941506878229,
            "optimal_schrott_list": [
                59.30254643495395,
                53.8769254803575,
                53.86586277702342,
                53.876920575029,
                55.207139347708214,
                59.28929725359645,
                53.84630951474084,
                0.0,
                60.84816163371784,
                59.40473650266237,
                7.688919853344318e-13,
                7.766499857402685e-13,
                6.818004748090701e-13,
                7.339379919383471e-13,
                0.0,
                7.121436033913814e-13,
                4.260331088120126e-12,
                0.0,
                4.108658230645417e-12,
                4.141260226557149e-12,
                1.8985971039013774e-13,
                1.5548291763039365e-13,
                1.842849408528948e-13,
                1.7002618904563295e-13,
                1.6811726979201736e-13,
                1.4508594011883798e-13,
                2.4138501934073933e-13,
                0.0,
                2.4485146694448364e-13,
                2.2329016888199364e-13,
                1.3089069172210002e-12,
                1.30541531851299e-12,
                1.598117630114871,
                1.190257444991823e-12,
                1.1881004607858455e-12,
                7.287255034988085,
                4.08998995243827e-10,
                1.5981176330555569,
                7.506237147016756e-12,
                4.0915705611346045e-10,
                1.7643477962158098,
                0.14835189308341135,
                0.6855775534432217,
                1.7643461473040591,
                0.6206398237935407,
                1.6994117240878004,
                27.129374182611183,
                0.6206551350924325,
                28.3866692018431,
                25.673199463124032,
                6.070767526511667,
                6.070767526511841,
                2.568029422187831e-12,
                0.0,
                2.5608560679008062e-12,
                2.547960865860394e-12,
                0.6872203634996243,
                0.3452088032749381,
                0.6872221622700176,
                27.700482426119628,
                1.2118311539931946e-11,
                1.1130820477483236e-11,
                1.2120409543424659e-11,
                1.2072963366261246e-11,
                1.0321026509633474e-11,
                1.2151795117127571e-11,
                1.0039663451154878e-11,
                1.0339936490001007e-11,
                1.1877927681242837e-11,
                0.0,
                0.5042337234976719,
                0.9145167120522131,
                0.6083232658020739,
                0.6083232658020744,
                0.5055927079304436,
                0.6083232658020614,
                194.5074771086806,
                0.8328628869665267,
                193.15241484115504,
                0.0,
                8.268640946366837e-12,
                0.0,
                8.000792282227425e-12,
                8.181503716351794e-12,
                8.18573283011438e-12,
                7.91670425822544e-12,
                7.970150327544957e-12,
                8.365951058324353e-12,
                8.055874256002954e-12,
                7.417290153672123e-12,
                2.395082369379898e-12,
                2.2141786621155628e-12,
                2.3921391194290422e-12,
                2.214100443401697e-12,
                2.391854160143304e-12,
                2.3891521795009383e-12,
                0.0,
                2.3024453528119333e-12,
                1.829506945554335e-12,
                1.9193573407158558e-12,
                5.7768511746422605e-11,
                5.3312357967925877e-11,
                5.124579909243041e-11,
                5.892009499230457e-11,
                5.522059189050343e-11,
                5.3245804451470226e-11,
                5.986558850724157e-11,
                5.554233757055507e-11,
                5.676841049218169e-11,
                5.997962956009133e-11,
                2.208996056585169e-12,
                0.0,
                2.110262585065987e-12,
                2.3903355812244266e-12,
                2.3911159133740662e-12,
                2.3011127787277432e-12,
                1.740798093779321e-12,
                2.119556971311805e-12,
                1.8228769741619225e-12,
                1.9233251198121175e-12,
                6.915126529186144e-12,
                7.456827651649124e-12,
                7.101380712266348e-12,
                0.0,
                7.272769573175588e-12,
                6.8198466377268175e-12,
                7.049472278278486e-12,
                6.918704181861239e-12,
                6.777707214698323e-12,
                6.6801039696443376e-12,
                4.105050217227519e-12,
                4.017761346098018e-12,
                3.916345815153161e-12,
                3.834834021124614e-12,
                4.09824913504154e-12,
                4.100284298591964e-12,
                3.9828256720733355e-12,
                3.898303674943641e-12,
                0.0,
                3.707592128682364e-12,
                4.231662065832406e-11,
                4.6108508796875456e-11,
                4.139650832061868e-11,
                4.5895515791787054e-11,
                5.004057815040835e-11,
                4.438685114298213e-11,
                4.505381278276221e-11,
                4.734861955796659e-11,
                4.531005815625741e-11,
                4.647132957504051e-11,
                6.190950084777418e-06,
                0.49647470024960455,
                1.920861566216219e-08,
                0.0,
                0.4049265910782025,
                0.40492659107494067,
                6.399989950344419,
                0.970704862845328,
                10.470046007691293,
                13.056572151654207
            ],
            "objective_values": {
                "1": 4866.62353515625,
                "2": 4827.4189453125,
                "3": 4901.26953125,
                "4": 5111.18408203125,
                "5": 5347.294921875,
                "6": 5335.1259765625,
                "7": 5274.326171875,
                "8": 4971.6796875,
                "9": 4946.673828125,
                "10": 4946.56982421875,
                "11": 4946.048828125,
                "12": 4943.443359375,
                "13": 4941.7939453125,
                "14": 4941.3779296875,
                "15": 4943.01318359375,
                "16": 4943.90625,
                "17": 4944.72998046875,
                "18": 4946.2978515625,
                "19": 4948.85986328125,
                "20": 4951.5546875,
                "21": 4953.373046875,
                "22": 4956.63525390625,
                "23": 4958.01416015625,
                "24": 4941.98291015625,
                "25": 4941.86865234375,
                "26": 4942.0576171875,
                "27": 4942.3017578125,
                "28": 4943.02099609375,
                "29": 4945.36328125,
                "30": 4947.1142578125,
                "31": 4947.3408203125,
                "32": 4945.2255859375,
                "33": 4945.31640625,
                "34": 4945.6669921875,
                "35": 4947.74169921875,
                "36": 4951.189453125,
                "37": 4951.2822265625,
                "38": 4943.6376953125,
                "39": 4944.8046875,
                "40": 4945.85498046875,
                "41": 4944.80712890625,
                "42": 4951.40380859375,
                "43": 4943.0478515625,
                "44": 4944.3056640625,
                "45": 4951.0927734375,
                "46": 4941.8486328125,
                "47": 4941.22265625
            },
            "elapsed_time": 2.442591667175293
        }
    ]
}