{
    "optimierung_id": 5,
    "opt_result": [
        {
            "optimal_value": 3925.618510444555,
            "optimal_schrott_list": [
                0.0,
                123.91378082462214,
                8.065516951515807,
                100.22284537378495,
                128.73197107542174,
                0.0,
                64.2045186268474,
                0.0,
                0.000365112545652378,
                3.105064712206413,
                9.183561978150928e-10,
                9.151449177613717e-10,
                5.408731571724789e-10,
                9.752513196049483e-10,
                0.0,
                5.719250758910981e-10,
                0.0,
                0.0,
                0.0,
                0.0,
                7.982388994590139e-10,
                6.565086269321591e-10,
                2.86086411028022e-10,
                6.210880279695908e-10,
                5.81360346712037e-10,
                2.1336206976543814e-10,
                7.534824549883246e-10,
                0.0,
                6.50239725128246e-10,
                5.850973869465926e-10,
                5.579789319389711e-10,
                4.656933694571764e-10,
                1.8717718185541223,
                5.360249564524688e-10,
                5.326899746825598e-10,
                9.999000048867357,
                4.6522223395677186e-10,
                19.224806406627497,
                4.829392817075339e-10,
                5.143600387193942e-10,
                0.0,
                0.0,
                0.0,
                0.0,
                0.0,
                0.0,
                0.0,
                0.0,
                6.976713939388547e-08,
                1.1867420271499282e-09,
                9.977814973179576,
                9.544336457615318,
                3.324504757454792e-06,
                0.0,
                3.253390747234592e-06,
                1.1822383941130065e-06,
                3.251452090086756e-06,
                2.232745534712804e-05,
                3.270261836580985e-06,
                5.544878160668313,
                3.9254854025525037e-10,
                2.182883042878091e-10,
                0.0,
                2.6597198461411126e-10,
                2.537007499109575e-10,
                0.0,
                2.6137745791155526e-10,
                2.6136493786233534e-10,
                3.0260001173404174e-10,
                0.0,
                4.27077384517209e-07,
                0.23270084951487988,
                0.001086655328045377,
                80.25204249404003,
                4.1719185544559926e-07,
                1.624339722663829e-08,
                0.0,
                199.15364030680644,
                1.9431850466264453e-06,
                0.0,
                2.471243226188214e-10,
                0.0,
                0.0,
                1.4991237873896347e-10,
                1.4997452509554693e-10,
                0.0,
                1.449407675682279e-10,
                1.5946789233201173e-10,
                1.215419059860054e-10,
                1.6739629778279375e-10,
                1.2807867779962153e-10,
                0.0,
                0.0,
                4.364448869874977e-11,
                3.1029371753111126e-11,
                0.0,
                0.0,
                4.748222767279086e-11,
                2.1194786667479705e-11,
                4.3051229930335374e-11,
                1.1907341462908237e-09,
                1.0155178330843457e-09,
                5.450157884159565e-10,
                1.0595334213737225e-09,
                1.027254833511893e-09,
                6.236899539491043e-10,
                1.1529728062600552e-09,
                1.0110641904478024e-09,
                1.094871375917322e-09,
                1.1750610623837832e-09,
                1.1500742088118365e-10,
                0.0,
                0.0,
                3.889148325058914e-11,
                4.0222051324060994e-11,
                0.0,
                2.8078919275477343e-11,
                3.082282236890349e-11,
                3.484113561863466e-11,
                7.224950013602462e-11,
                2.0105850748474112e-10,
                9.93611586118643e-11,
                0.0,
                0.0,
                1.2745227504586185e-10,
                0.0,
                1.231405738744747e-10,
                1.2511006874443164e-10,
                1.2970502331992408e-10,
                1.5091884205712323e-10,
                1.2626449100275372e-11,
                0.0,
                2.487142722005511e-10,
                6.564777950541741e-10,
                6.746802998760713e-10,
                3.3095167264847394e-10,
                1.702868576514496e-10,
                1.7124113733921782e-10,
                0.0,
                2.1945951705684415e-10,
                2.883689758932228e-09,
                3.072695370614619e-09,
                2.4930094744113862e-09,
                3.069885201343399e-09,
                0.0,
                0.0,
                0.0,
                0.0,
                0.0,
                0.0,
                1.42331689889294e-07,
                0.2369421637851326,
                2.133964858039121e-06,
                0.0,
                6.001121846798932,
                0.0,
                3.84090106410398e-06,
                6.355527825843636,
                0.46656636761112086,
                1.3477089097340698
            ],
            "objective_values": {
                "1": 4685.474609375,
                "2": 5183.32470703125,
                "3": 5168.4794921875,
                "4": 5144.60791015625,
                "5": 5119.46142578125,
                "6": 5101.13134765625,
                "7": 5089.544921875,
                "8": 5074.16357421875,
                "9": 5076.376953125,
                "10": 5079.54638671875,
                "11": 5070.37451171875,
                "12": 5096.490234375,
                "13": 5080.671875,
                "14": 5086.107421875,
                "15": 5081.86328125,
                "16": 5070.6953125,
                "17": 5090.99755859375,
                "18": 5078.7392578125,
                "19": 5073.0927734375,
                "20": 5084.0322265625,
                "21": 5069.1240234375,
                "22": 5069.88525390625,
                "23": 5068.8251953125,
                "24": 5068.4931640625,
                "25": 5068.4951171875,
                "26": 5068.3193359375,
                "27": 5068.58984375,
                "28": 5068.35595703125,
                "29": 5076.39013671875,
                "30": 5068.236328125,
                "31": 5069.38671875,
                "32": 5069.01220703125,
                "33": 5085.6318359375,
                "34": 5067.0537109375,
                "35": 5066.9296875,
                "36": 5066.8369140625,
                "37": 5066.5576171875,
                "38": 5066.48779296875,
                "39": 5066.31591796875,
                "40": 5071.2373046875,
                "41": 5068.88623046875,
                "42": 5077.20361328125,
                "43": 5069.59130859375,
                "44": 5075.97607421875,
                "45": 5074.0947265625,
                "46": 5078.0439453125,
                "47": 5069.12890625,
                "48": 5091.87109375,
                "49": 5076.7333984375,
                "50": 5071.642578125,
                "51": 5049.916015625,
                "52": 5035.9013671875,
                "53": 4981.572265625,
                "54": 4979.8427734375,
                "55": 4976.98681640625,
                "56": 4938.01904296875,
                "57": 4931.3486328125,
                "58": 4928.64501953125,
                "59": 4922.216796875,
                "60": 4919.39453125,
                "61": 4909.19921875,
                "62": 4910.17822265625,
                "63": 4905.38134765625,