{
    "optimierung_id": 11,
    "opt_result": [
        {
            "optimal_value": 3783.513483644814,
            "optimal_schrott_list": [
                2.4835250144338725,
                3.760908865971827e-06,
                3.7609088286827015e-06,
                3.760908707572804e-06,
                0.05064952908183195,
                2.4896566342825928,
                110.04402606051872,
                0.0,
                121.87720767564653,
                119.52306013443062,
                0.3766866142665182,
                0.36352473130826096,
                2.322415317008699e-08,
                6.853543680917683e-07,
                0.0,
                2.322415335984497e-08,
                0.006120331614364928,
                0.0,
                0.0008952932881236233,
                0.0008952932849911447,
                8.854600003900056e-14,
                8.869794662197861e-14,
                8.849925110783039e-14,
                8.846187214929254e-14,
                8.858336806738418e-14,
                8.85845986772168e-14,
                8.857902786680203e-14,
                0.0,
                2.8261975688355186e-07,
                8.857128789605616e-14,
                3.662868420805512e-12,
                3.662896406580569e-12,
                3.650925950654023e-12,
                3.668712827596979e-12,
                3.668769897795134e-12,
                2.8867179045683932e-05,
                3.662874641239124e-12,
                3.65422533907334e-12,
                3.668726974146187e-12,
                3.662883579558535e-12,
                2.1095901243043125,
                0.00010275080779049249,
                0.00016935919333491823,
                2.1095901243041832,
                0.0006634557211097964,
                2.096720247170314,
                4.998688196472013,
                0.0007304898925418463,
                7.3685452097857596,
                2.7190272778350644,
                0.4496808049327678,
                0.44968080493283547,
                2.211275254081261e-12,
                0.0,
                2.21126111784291e-12,
                2.211278097082343e-12,
                2.211476861646097e-12,
                2.258624760935908e-12,
                2.211451447105239e-12,
                16.800459691573266,
                9.663828953461437e-14,
                9.003659938492176e-14,
                9.571301315643577e-14,
                9.634865836865496e-14,
                8.658985805121329e-14,
                9.844376361573611e-14,
                8.654995628765846e-14,
                8.688887318197567e-14,
                7.898488214791282e-14,
                0.0,
                3.862101422345329,
                8.542809708875318,
                5.412646963334352,
                5.412646963334156,
                3.8524097334605667,
                5.412646963335832,
                84.5862615589576,
                9.996586315221464,
                82.23062923977042,
                91.71072401568685,
                5.418853585405065e-14,
                0.0,
                5.2606257178945865e-14,
                5.376270615979054e-14,
                5.384355299128849e-14,
                5.208318309476325e-14,
                5.454255272894648e-14,
                5.488929603210135e-14,
                5.5250000071748204e-14,
                5.089775704931696e-14,
                1.3735010699969622e-14,
                1.248814448613148e-14,
                1.3728615713021214e-14,
                1.2484597592801734e-14,
                1.373426588468317e-14,
                1.373519396421352e-14,
                0.0,
                1.3110237078577102e-14,
                1.2486710307345989e-14,
                1.3109510046136474e-14,
                3.9351386089453837e-13,
                3.623115658988673e-13,
                3.5144889442033845e-13,
                4.0151816857508704e-13,
                3.748876627977123e-13,
                3.630882538351438e-13,
                4.2654834345093825e-13,
                3.803961746116532e-13,
                3.864244709652235e-13,
                4.022517901469767e-13,
                1.2486476817393344e-14,
                0.0,
                1.1861563190181112e-14,
                1.373476097429267e-14,
                1.3733222582067515e-14,
                1.3108994511335758e-14,
                1.1861897505971089e-14,
                1.1860963561885623e-14,
                1.2487963779782272e-14,
                1.3110363628335483e-14,
                4.495301931831815e-14,
                4.856615928113288e-14,
                4.6681192027609346e-14,
                0.0,
                4.7163224940763505e-14,
                4.433678910367955e-14,
                4.779651967741237e-14,
                4.517255733516083e-14,
                4.598416732862906e-14,
                4.5796531015735185e-14,
                1.9552963865458218e-08,
                2.3773291767286844e-08,
                1.376902409593013e-08,
                8.049844793154156e-05,
                3.208138698702164e-12,
                3.2050640460099344e-12,
                1.9319847571851306e-12,
                2.2123773270494856e-07,
                0.0,
                8.908684593659564e-09,
                4.369604617005763e-12,
                4.389307263901285e-12,
                1.3547553151977078e-09,
                4.3893322666098945e-12,
                7.738795112045635e-13,
                8.159395746132404e-10,
                7.7383566984223e-13,
                7.736400151532993e-13,
                1.396146983739762e-09,
                1.8962537688280521e-10,
                1.7764845151758044e-05,
                5.663544082858567e-06,
                1.5365977113654947e-07,
                0.0,
                1.0219867426475786e-05,
                1.0219861122758232e-05,
                4.3871802489408624,
                0.002660643612637695,
                11.463654752461427,
                16.199022519677964
            ],
            "objective_values": {
                "1": 5283.810546875,
                "2": 5230.7236328125,
                "3": 5118.310546875,
                "4": 5081.6669921875,
                "5": 5041.1181640625,
                "6": 4838.37109375,
                "7": 4641.7998046875,
                "8": 4632.1103515625,
                "9": 4591.7607421875,
                "10": 4422.671875,
                "11": 4195.92578125,
                "12": 4195.91748046875,
                "13": 4195.8740234375,
                "14": 4195.658203125,
                "15": 4195.42578125,
                "16": 4194.8740234375,
                "17": 4312.90869140625,
                "18": 4325.57763671875,
                "19": 4374.76416015625,
                "20": 4411.2724609375,
                "21": 4424.01513671875,
                "22": 4441.08740234375,
                "23": 4589.43701171875,
                "24": 4608.986328125,
                "25": 4619.47412109375,
                "26": 4620.4228515625,
                "27": 4620.57666015625,
                "28": 4730.69287109375,
                "29": 4752.94482421875,
                "30": 5114.3125,
                "31": 4199.6416015625,
                "32": 4302.38037109375,
                "33": 4233.87646484375,
                "34": 4372.18701171875,
                "35": 4392.92822265625,
                "36": 4394.7998046875,
                "37": 4203.765625,
                "38": 4200.16162109375,
                "39": 4209.1015625,
                "40": 4196.68798828125,
                "41": 4199.13037109375,
                "42": 4211.50732421875,
                "43": 4223.568359375,
                "44": 4237.115234375,
                "45": 4238.759765625,
                "46": 4198.51025390625,
                "47": 4262.61767578125,