{
    "optimierung_id": 7,
    "opt_result": [
        {
            "optimal_value": 3829.6724254441356,
            "optimal_schrott_list": [
                7.9617462158203125,
                7.9617462158203125,
                7.9617462158203125,
                7.9617462158203125,
                7.9617462158203125,
                7.9617462158203125,
                7.9617462158203125,
                0.0,
                7.9617462158203125,
                7.9617462158203125,
                0.23399852216243744,
                0.23399852216243744,
                0.23399852216243744,
                0.23399852216243744,
                0.0,
                0.23399852216243744,
                0.23399852216243744,
                0.0,
                0.23399852216243744,
                0.23399852216243744,
                0.2349320352077484,
                0.2349320352077484,
                0.2349320352077484,
                0.2349320352077484,
                0.2349320352077484,
                0.2349320352077484,
                0.2349320352077484,
                0.0,
                0.2349320352077484,
                0.2349320352077484,
                0.5168138742446899,
                0.5168138742446899,
                0.5168138742446899,
                0.5168138742446899,
                0.5168138742446899,
                0.5168138742446899,
                0.5168138742446899,
                0.5168138742446899,
                0.5168138742446899,
                0.5168138742446899,
                0.5294608473777771,
                0.5294608473777771,
                0.5294608473777771,
                0.5294608473777771,
                0.5294608473777771,
                0.5294608473777771,
                0.5294608473777771,
                0.5294608473777771,
                0.5294608473777771,
                0.5294608473777771,
                0.8455012440681458,
                0.8455012440681458,
                0.8455012440681458,
                0.0,
                0.8455012440681458,
                0.8455012440681458,
                0.8455012440681458,
                0.8455012440681458,
                0.8455012440681458,
                0.8455012440681458,
                0.0010890888515859842,
                0.0010890888515859842,
                0.0010890888515859842,
                0.0010890888515859842,
                0.0010890888515859842,
                0.0010890888515859842,
                0.0010890888515859842,
                0.0010890888515859842,
                0.0010890888515859842,
                0.0,
                0.01090969331562519,
                0.01090969331562519,
                0.01090969331562519,
                0.01090969331562519,
                0.01090969331562519,
                0.01090969331562519,
                0.01090969331562519,
                0.01090969331562519,
                0.01090969331562519,
                0.01090969331562519,
                0.0,
                0.0,
                0.0,
                0.0,
                0.0,
                0.0,
                0.0,
                0.0,
                0.0,
                0.0,
                0.0,
                0.0,
                0.0,
                0.0,
                0.0,
                0.0,
                0.0,
                0.0,
                0.0,
                0.0,
                0.0,
                0.0,
                0.0,
                0.0,
                0.0,
                0.0,
                0.0,
                0.0,
                0.0,
                0.0,
                0.0,
                0.0,
                0.0,
                0.0,
                0.0,
                0.0,
                0.0,
                0.0,
                0.0,
                0.0,
                0.0,
                0.0,
                0.0,
                0.0,
                0.0,
                0.0,
                0.0,
                0.0,
                0.0,
                0.0,
                0.008497590199112892,
                0.008497590199112892,
                0.008497590199112892,
                0.008497590199112892,
                0.008497590199112892,
                0.008497590199112892,
                0.008497590199112892,
                0.008497590199112892,
                0.0,
                0.008497590199112892,
                8.558505058288574,
                8.558505058288574,
                8.558505058288574,
                8.558505058288574,
                8.558505058288574,
                8.558505058288574,
                8.558505058288574,
                8.558505058288574,
                8.558505058288574,
                8.558505058288574,
                0.7730162739753723,
                0.7730162739753723,
                0.7730162739753723,
                0.0,
                0.7730162739753723,
                0.7730162739753723,
                0.7730162739753723,
                0.7730162739753723,
                0.7730162739753723,
                0.7730162739753723
            ],
            "objective_values": {
                "1": 4297.611328125
            },
            "elapsed_time": 0.09414386749267578
        }
    ]
}