{
    "optimierung_id": 8,
    "opt_result": [
        {
            "optimal_value": 3673.558950247176,
            "optimal_schrott_list": [
                260.57976737970625,
                0.0,
                0.0,
                14.186686527510483,
                0.0,
                11.583825098523056,
                0.0,
                319.97277322459047,
                0.0,
                0.0,
                0.0,
                0.0,
                0.0,
                0.0,
                0.0,
                33.40675882443279
            ],
            "objective_values": {
                "1": 3779.152587890625,
                "2": 3851.5693359375,
                "3": 3907.451904296875,
                "4": 3899.41845703125,
                "5": 3913.653076171875,
                "6": 3913.653076171875,
                "7": 3913.653076171875
            },
            "elapsed_time": 0.17435646057128906
        }
    ]
}