{
    "optimierung_id": 10,
    "opt_result": [
        {
            "optimal_value": 3956.366264925241,
            "optimal_schrott_list": [
                536.1268871190365,
                7.210650038031319,
                0.0,
                0.0,
                59.603887914134916,
                40.436687469142626,
                0.0,
                16.28682108067175,
                0.0,
                0.0,
                0.0,
                0.0,
                0.0,
                0.0,
                0.0,
                10.321329404001927
            ],
            "objective_values": {
                "1": 4107.06884765625,
                "2": 4106.9287109375,
                "3": 4105.61376953125,
                "4": 4099.94482421875,
                "5": 4098.115234375,
                "6": 4098.115234375
            },
            "elapsed_time": 0.14622282981872559
        }
    ]
}