{
    "optimierung_id": 11,
    "opt_result": [
        {
            "optimal_value": 4186.148096992719,
            "optimal_schrott_list": [
                67.93136640826204,
                57.89080476112453,
                56.35427633296299,
                58.050243453287074,
                58.655790013004264,
                63.9997144190179,
                59.1470562477071,
                0.0,
                63.521877227591176,
                62.74027749924989,
                8.216296064735354e-10,
                0.0,
                6.282213822501187e-11,
                0.0,
                0.0,
                7.492711670293445e-11,
                0.0,
                0.0,
                0.0,
                0.0,
                2.1174614405622405e-10,
                1.4466358666531676e-11,
                2.2043502093116452e-10,
                0.0,
                2.1971412883514674e-10,
                2.317695931008945e-10,
                0.0,
                0.0,
                0.0,
                0.0,
                1.7575140927814916e-06,
                1.5760161318643853e-07,
                2.2896094976569645,
                6.926110609844181e-09,
                6.5972441877937965e-09,
                9.999801422009996,
                0.0,
                1.1140171342197998,
                2.4746896857240352e-08,
                0.0,
                0.865352353745578,
                3.795496879992317e-05,
                0.1895156968725396,
                3.8600281241547867,
                2.155783153151956,
                0.0,
                31.474653892977933,
                3.0881131301060964,
                35.10624107808162,
                29.58528401650485,
                8.701384331543663,
                9.426206748307814,
                0.0,
                0.0,
                0.0,
                5.541881794267345e-08,
                0.0,
                2.544434259551436e-06,
                0.0,
                29.548560648170188,
                9.325711464993822e-11,
                0.0,
                1.0127643730297115e-10,
                0.0,
                8.722302323764183e-11,
                8.463726599319777e-11,
                0.0,
                0.0,
                0.0,
                0.0,
                0.0,
                0.32840876495177956,
                2.789808704659996,
                5.98467851569537,
                3.642456669080557e-05,
                0.0,
                110.59505447199115,
                0.7640313775070601,
                108.48499554493269,
                113.8143641566362,
                1.8202420423152995e-10,
                0.0,
                1.9221403614989963e-10,
                0.0,
                1.9074622449706416e-10,
                2.0500670299422149e-10,
                0.0,
                2.0337294289091856e-11,
                0.0,
                0.0,
                2.923363754307988e-10,
                3.473830392839749e-11,
                3.0028205707869384e-10,
                1.2074479095980436e-09,
                3.0029780923903954e-10,
                3.123912980012882e-10,
                0.0,
                6.950238360215542e-11,
                0.0,
                0.0,
                0.0,
                0.0,
                0.0,
                0.0,
                0.0,
                0.0,
                0.0,
                0.0,
                0.0,
                0.0,
                1.447041051351392e-10,
                0.0,
                7.890323814069236e-11,
                1.143358217141981e-09,
                3.0030470084197596e-10,
                2.3854852230713044e-10,
                0.0,
                7.09545008041196e-11,
                0.0,
                0.0,
                1.930584232348638e-10,
                0.0,
                1.9954698440952806e-10,
                0.0,
                1.9807037759424676e-10,
                2.138296746084023e-10,
                0.0,
                3.206762258610053e-11,
                0.0,
                0.0,
                3.195177801878471e-10,
                1.237839226803897e-10,
                3.2756132014303456e-10,
                0.0,
                3.261009915402004e-10,
                3.3816316238243155e-10,
                8.430656642770132e-11,
                1.7216271085211373e-10,
                0.0,
                8.650060079703386e-11,
                0.0,
                0.0,
                0.0,
                0.0,
                2.057971758393125e-09,
                2.114042427334324e-09,
                1.8409422789357824e-09,
                1.9108678529474246e-09,
                0.0,
                0.0,
                0.03769385824379666,
                6.680572570139098e-07,
                9.154673967434745e-07,
                0.0,
                0.15975687487793458,
                1.1919691357831219e-05,
                0.0,
                1.041229765256701,
                5.565102340382656,
                11.055819950599135
            ],
            "objective_values": {
                "1": 4945.38330078125,
                "2": 4840.6962890625,
                "3": 4851.7109375,
                "4": 4936.11083984375,
                "5": 5022.66748046875,
                "6": 5091.283203125,
                "7": 5074.77490234375,
                "8": 5000.080078125,
                "9": 4967.3798828125,
                "10": 4966.814453125,
                "11": 4966.5029296875,
                "12": 4965.6572265625,
                "13": 4964.86279296875,
                "14": 4964.08837890625,
                "15": 4962.9287109375,
                "16": 4964.1123046875,
                "17": 4964.3974609375,
                "18": 4967.115234375,
                "19": 4996.138671875,
                "20": 4987.3369140625,
                "21": 4977.04296875,
                "22": 4991.43212890625,
                "23": 4964.07177734375,
                "24": 4968.298828125,
                "25": 4977.67626953125,
                "26": 4977.63818359375,
                "27": 4978.6396484375,
                "28": 4979.4453125,
                "29": 4979.3837890625,
                "30": 4981.1123046875,
                "31": 4981.0703125,
                "32": 4972.30419921875,
                "33": 4979.6396484375,
                "34": 4977.09033203125,
                "35": 4961.759765625,
                "36": 4961.298828125,
                "37": 4960.2900390625,
                "38": 4960.3564453125,
                "39": 4959.8173828125,
                "40": 4959.6298828125,
                "41": 4959.49267578125,
                "42": 4959.4375,
                "43": 4959.34521484375,
                "44": 4960.8759765625,
                "45": 4962.6328125,
                "46": 4963.4326171875,
                "47": 4964.1904296875,
                "48": 4965.033203125,
                "49": 4967.20166015625,
                "50": 4968.26611328125,
                "51": 4968.34375,
                "52": 4968.42138671875,
                "53": 4968.5224609375,
                "54": 4968.26806640625,
                "55": 4963.525390625,
                "56": 4968.34765625,
                "57": 4968.9423828125,
                "58": 4968.93359375,
                "59": 4968.2548828125,
                "60": 4968.77197265625,
                "61": 4961.205078125,
                "62": 4964.12451171875,
                "63": 4962.177734375,
                "64": 4965.7607421875,
                "65": 4959.88916015625,
                "66": 4962.22216796875,
                "67": 4959.8857421875,
                "68": 4962.4091796875,
                "69": 4961.81591796875,
                "70": 4960.0166015625,
                "71": 4959.9052734375,
                "72": 4959.79541015625,
                "73": 4960.56787109375,