{
    "optimierung_id": 3,
    "opt_result": [
        {
            "optimal_value": 4236.429899140264,
            "optimal_schrott_list": [
                3.5246429954502896e-13,
                64.64615454995092,
                64.69870242779213,
                64.6400911340454,
                65.40820806034651,
                1.86833522053979e-05,
                64.72632790710043,
                0.0,
                66.35260182938252,
                65.44052409128248,
                0.0,
                0.0,
                5.153260630719192e-14,
                6.839638655160882e-13,
                0.0,
                1.3951349008418307e-12,
                0.0,
                0.0,
                1.5837033195615144e-12,
                7.289547871575097e-13,
                3.370118870675928e-13,
                5.4518282249782504e-14,
                3.828586753185093e-14,
                0.0,
                1.693003376379565e-14,
                9.00577587698614e-13,
                1.4217283012919984e-12,
                0.0,
                6.612385864848418e-13,
                6.591447194952578e-13,
                2.8096596230153815e-13,
                1.7568954104041357e-13,
                2.433672366454625,
                3.3840118207617564e-13,
                3.346198752113283e-13,
                9.941115122803605,
                8.311386477086172,
                2.433673100031895,
                3.3319033296286275e-13,
                8.311388082997743,
                1.5500285043085523e-12,
                4.807567613050647e-13,
                1.47136865069771e-12,
                1.0357389933505958e-12,
                2.0247349878253688e-12,
                1.343556283856182e-12,
                1.127275147007464e-12,
                6.701037369037567e-13,
                1.8029651197308451e-12,
                7.732274964354549e-13,
                3.166123606879702,
                3.38681371458729,
                1.610706359955749e-13,
                0.0,
                0.0,
                2.3317091978014423e-13,
                0.03869157874416316,
                0.005858328300187178,
                0.03868696930529467,
                18.524251189484225,
                7.570429844800091e-13,
                6.506314326822256e-13,
                7.710650714654652e-13,
                6.641894506446717e-13,
                6.096954633326955e-13,
                7.054602975192174e-13,
                6.310920359973819e-13,
                6.659293145941988e-13,
                7.080059432338411e-13,
                0.0,
                3.274616092608512e-13,
                1.0665403022772217,
                0.012919160712063225,
                0.01291911069787153,
                3.0791047337698497e-13,
                0.0030533010279398753,
                139.6488997136373,
                1.411595137635298,
                138.72014988071484,
                0.0,
                4.97857310932659e-13,
                0.0,
                4.765188243993635e-13,
                4.938494058137621e-13,
                4.913736084688481e-13,
                4.765188243993635e-13,
                4.989120228060529e-13,
                5.026978833200247e-13,
                5.045408535409024e-13,
                4.627853655847503e-13,
                9.1773810773077e-14,
                1.234956581441793e-13,
                9.091616348655408e-14,
                1.1942113964380497e-13,
                1.2584933095638461e-13,
                1.2629619572379625e-13,
                0.0,
                1.1986245329609346e-13,
                1.1442513603299177e-13,
                1.1968481761215345e-13,
                3.658051639376936e-12,
                3.339106768862621e-12,
                3.196642950342721e-12,
                3.6290082050527418e-12,
                3.4505731605349865e-12,
                3.267341952550851e-12,
                3.724132113802625e-12,
                3.5284664079426878e-12,
                3.54587470496881e-12,
                3.662314895791497e-12,
                1.148497963399109e-13,
                0.0,
                1.0889622537035848e-13,
                1.2552459072168176e-13,
                1.2552459072168176e-13,
                1.211697409075896e-13,
                1.0852985177223219e-13,
                1.0860479182639438e-13,
                1.1491918527894997e-13,
                1.2017609130055007e-13,
                4.119149465964256e-13,
                4.470535053258118e-13,
                4.230282790729234e-13,
                0.0,
                4.361733196844853e-13,
                4.067080006109336e-13,
                4.3893777501580193e-13,
                4.1194825328716433e-13,
                4.2338355044080345e-13,
                4.1776582193620016e-13,
                2.2441680946286986e-13,
                2.218673338040718e-13,
                2.1462590480358057e-13,
                2.0901344145577742e-13,
                2.2469909030761912e-13,
                2.2590208580163843e-13,
                2.394899111923116e-13,
                2.1490194470957445e-13,
                0.0,
                2.2522213518542773e-13,
                3.4657596345751e-13,
                5.145294617887181e-13,
                5.388757148838686e-13,
                4.074782883074085e-13,
                5.398675267682257e-13,
                2.617861493987156e-13,
                4.3543335712277477e-13,
                5.77384044438481e-13,
                8.166865761442401e-13,
                4.914607457974507e-13,
                1.6954467615005325e-13,
                0.09849166305780678,
                1.9659000989602494e-13,
                0.0,
                0.08435106839493232,
                0.014925759036069644,
                2.221602871775583,
                0.031433827125489464,
                5.007200656983617,
                6.864268614405512
            ],
            "objective_values": {
                "1": 5022.2587890625,
                "2": 5328.7314453125,
                "3": 5298.82275390625,
                "4": 5255.96728515625,
                "5": 5195.6259765625,
                "6": 5168.052734375,
                "7": 5153.8759765625,
                "8": 5083.13134765625,
                "9": 4904.13525390625,
                "10": 4904.02978515625,
                "11": 4903.4404296875,
                "12": 4901.18994140625,
                "13": 4901.0810546875,
                "14": 4900.78662109375,
                "15": 4900.70458984375,
                "16": 4900.7333984375,
                "17": 4900.51171875,
                "18": 4900.763671875,
                "19": 4900.5068359375
            },
            "elapsed_time": 7.946933746337891
        }
    ]
}