{
    "optimierung_id": 12,
    "opt_result": [
        {
            "optimal_value": 3590.7536396180376,
            "optimal_schrott_list": [
                9.999642225867683,
                6.3663825470871185,
                1.770321648428738,
                8.336248353310808,
                6.097684950950218,
                3.2883660643925956,
                65.03463643657975,
                0.0,
                39.71042241852461,
                54.16541549717477,
                9.051740905647102e-09,
                0.0,
                0.0,
                0.0,
                0.0,
                0.0,
                5.609755440120351e-10,
                0.0,
                6.206642632570342e-10,
                0.0,
                0.0,
                0.0,
                0.0,
                0.0,
                0.0,
                0.0,
                2.054043192478705e-09,
                0.0,
                3.1030040412161064e-09,
                1.869622616446076e-09,
                0.0,
                2.070378690884056e-08,
                4.61817869597434,
                4.330492329417124e-07,
                0.0,
                6.639729937325628,
                9.077833043222641e-06,
                0.4762594659517573,
                2.4526250538142724e-07,
                0.0,
                0.0,
                0.0,
                0.0,
                0.0,
                1.328261530747347e-08,
                0.0,
                3.7001521216841003e-09,
                0.0,
                1.8833193679969416e-09,
                5.461109927175443e-10,
                0.0,
                1.118791250555858,
                1.5547223737588656e-08,
                0.0,
                0.0,
                1.3050109683859779e-08,
                0.0,
                0.0,
                0.0,
                8.24364262949441,
                0.0,
                0.0,
                0.0,
                0.0,
                0.0,
                0.0,
                3.1865503955397657e-09,
                0.0,
                3.092441471435692e-09,
                0.0,
                0.0,
                1.92461184683361,
                2.6914318048234542,
                0.7717707611251262,
                0.08551586359981588,
                3.3335627484258785e-06,
                30.934991094024763,
                9.432955676437697,
                24.55640391289965,
                59.490267638159054,
                5.291936475524137e-10,
                0.0,
                0.0,
                2.7346773034187613e-10,
                2.2953913802470998e-11,
                0.0,
                3.5533348156986423e-09,
                0.0,
                3.486221049247812e-09,
                2.9597541357371714e-08,
                0.0,
                0.0,
                0.0,
                4.33546518708869e-07,
                4.118598623875364e-08,
                0.0,
                0.0,
                0.0,
                4.395560783413116e-09,
                0.0,
                0.0,
                0.0,
                0.0,
                0.0,
                0.0,
                0.0,
                0.0,
                0.0,
                0.0,
                0.0,
                0.0,
                0.0,
                0.0,
                6.103609411745969e-08,
                4.151880485151188e-08,
                0.0,
                4.4010627870453674e-09,
                0.0,
                4.3749558327262274e-09,
                0.0,
                8.104555800703869e-10,
                0.0,
                0.0,
                0.0,
                2.4234718436076983e-10,
                0.0,
                3.6867584896484965e-09,
                0.0,
                3.6520915590928123e-09,
                5.651155720664155e-08,
                8.976842457851693e-10,
                0.0,
                0.0,
                4.379527841183624e-10,
                5.208901225389924e-10,
                0.0,
                3.718747340500459e-09,
                0.0,
                0.0,
                2.5555153571076884e-09,
                0.0,
                0.0,
                0.0,
                0.0,
                2.611131482148539e-09,
                0.0,
                5.447612546065524e-09,
                0.0,
                3.2783356197904276e-09,
                1.2269726375321519e-09,
                0.0,
                0.49862739794505556,
                0.9004142056008617,
                0.0,
                3.0029114518159346,
                8.319220562089114e-07,
                0.0,
                0.0,
                0.0,
                3.093785428589829
            ],
            "objective_values": {
                "1": 4436.5146484375,
                "2": 4413.1201171875,
                "3": 4395.380859375,
                "4": 4385.32177734375,
                "5": 4325.69970703125,
                "6": 4292.5625,
                "7": 4233.94677734375,
                "8": 4178.2734375,
                "9": 4114.8525390625,
                "10": 4095.0751953125,
                "11": 4089.162841796875,
                "12": 4074.135498046875,
                "13": 4063.50048828125,
                "14": 4070.408203125,
                "15": 4061.649169921875,
                "16": 4057.984619140625,
                "17": 4072.87109375,
                "18": 4090.215087890625,
                "19": 4073.27783203125,
                "20": 4084.03125,
                "21": 4120.96337890625,
                "22": 4071.134521484375,
                "23": 4062.471923828125,
                "24": 4055.44580078125,
                "25": 4055.06005859375,
                "26": 4054.423828125,
                "27": 4054.291015625,
                "28": 4054.112060546875,
                "29": 4055.73095703125,
                "30": 4067.056396484375,
                "31": 4068.8974609375,
                "32": 4068.567626953125,
                "33": 4069.434814453125,
                "34": 4064.65283203125,
                "35": 4070.896484375,
                "36": 4055.276123046875,
                "37": 4065.356689453125,
                "38": 4059.54931640625,
                "39": 4069.6015625,
                "40": 4053.767578125,
                "41": 4054.233154296875,
                "42": 4053.53076171875,
                "43": 4053.27880859375,
                "44": 4054.9765625,
                "45": 4055.2529296875,
                "46": 4055.711669921875,
                "47": 4056.835205078125,
                "48": 4053.1240234375,
                "49": 4053.0556640625,
                "50": 4053.04248046875,
                "51": 4052.984130859375,
                "52": 4053.3681640625,
                "53": 4053.549072265625,
                "54": 4053.091064453125,
                "55": 4053.7509765625,
                "56": 4053.259033203125,
                "57": 4053.205078125,
                "58": 4053.049072265625,
                "59": 4053.001708984375,
                "60": 4052.86865234375,
                "61": 4052.778564453125,
                "62": 4052.7392578125,
                "63": 4052.649169921875,
                "64": 4052.593017578125,
                "65": 4052.47119140625,
                "66": 4052.36865234375,
                "67": 4052.27294921875,
                "68": 4052.216552734375,
                "69": 4055.44482421875,
                "70": 4052.1875,
                "71": 4055.88916015625,
                "72": 4055.94189453125,
                "73": 4054.244384765625,
                "74": 4052.36865234375,
                "75": 4053.5576171875,
                "76": 4053.31103515625,
                "77": 4052.972900390625,
                "78": 4052.9267578125,
                "79": 4052.900146484375,
                "80": 4055.26953125,
                "81": 4052.8369140625,