{
    "optimierung_id": 1,
    "opt_result": [
        {
            "optimal_value": 3538.353209493319,
            "optimal_schrott_list": [
                0.0,
                0.0,
                0.0,
                0.0,
                0.0,
                0.0,
                0.0,
                0.0,
                0.0,
                0.0,
                0.0,
                0.0,
                0.0,
                116.22417768084115,
                10.399576875521007,
                0.0
            ],
            "objective_values": {
                "1": 3618.236083984375,
                "2": 3618.236083984375
            },
            "elapsed_time": 0.07998514175415039
        }
    ]
}