{
    "optimierung_id": 4,
    "opt_result": [
        {
            "optimal_value": 3745.745549535818,
            "optimal_schrott_list": [
                7.919911127852776,
                0.0,
                0.0,
                0.0001322165487185334,
                9.789684914426818,
                4.703212430762216e-07,
                218.95879169703045,
                0.0,
                57.119835714353755,
                54.47485449724318,
                0.0,
                0.0,
                1.8148473632977405e-08,
                1.9222220797076098e-08,
                0.0,
                2.133538278621845e-08,
                0.0,
                0.0,
                0.0,
                0.0,
                0.0,
                0.0,
                0.0,
                0.0,
                0.0,
                1.566165360594729e-09,
                0.0,
                0.0,
                0.0,
                0.0,
                1.2225158766462907e-05,
                0.0,
                5.523704344320599,
                5.320749459081231e-08,
                4.067770272161986e-06,
                10.012872351470211,
                0.0,
                6.224692877990521,
                0.00018863996030774044,
                0.0,
                0.0,
                0.0,
                0.0,
                0.0,
                0.0,
                0.0,
                8.871412536743187e-08,
                0.0,
                1.1961994753279317e-07,
                1.1868025591660683e-07,
                1.3094437350046912,
                0.0,
                0.0,
                0.0,
                0.0,
                0.0,
                2.2588676338447522e-07,
                1.1204901479627827e-05,
                2.2619310087457212e-07,
                15.905392088241642,
                0.0,
                1.9928319346443606e-08,
                1.9956621929350044e-08,
                2.1799889376121874e-08,
                1.6189225851467306e-08,
                2.289328992479897e-08,
                1.2627519847282056e-08,
                0.0,
                1.4030959543986964e-08,
                0.0,
                0.0001455824955553151,
                5.882498153510001,
                1.660700351314031,
                8.414651605729029,
                0.000204705461029154,
                4.174068581812166e-05,
                0.033891863516736426,
                2.2470961000269054,
                0.0,
                277.64608710648196,
                0.0,
                0.0,
                1.868192499750497e-08,
                2.0767335105895186e-08,
                1.6315463435528e-08,
                2.1915515242565173e-08,
                2.5274864443243142e-08,
                0.0,
                2.5183130650975415e-08,
                2.643387806638416e-08,
                0.0,
                0.0,
                1.2487030459816598e-07,
                1.673810454186007e-08,
                1.225306433308409e-08,
                1.811000565816584e-08,
                0.0,
                0.0,
                1.237462034904408e-07,
                1.1407844265482291e-07,
                2.1359259826887826e-08,
                4.98315080046272e-08,
                4.781252362356403e-08,
                5.443841600854434e-08,
                4.7637556241704554e-08,
                5.2368914541817075e-08,
                4.7496318836413284e-08,
                1.16072543648621e-08,
                4.604371946946564e-08,
                4.726417539636312e-08,
                0.0,
                0.0,
                3.1750051477942397e-06,
                1.6749634046865582e-08,
                1.2271200663937171e-08,
                1.8094908535219828e-08,
                1.3281149770602098e-07,
                0.0,
                1.234743965554277e-07,
                1.1421406288509423e-07,
                0.0,
                1.9171646936351957e-08,
                1.8044997826814436e-08,
                0.0,
                1.5801191804036484e-08,
                2.1190084637233845e-08,
                2.725811666713218e-08,
                0.0,
                2.7972133648514613e-08,
                2.8198841991700033e-08,
                0.0,
                1.9559523240078374e-08,
                1.5833523359592245e-08,
                1.767394116754489e-08,
                1.3347189758565773e-08,
                1.919686487244078e-08,
                1.4842478687808946e-08,
                0.0,
                0.0,
                1.4810661017131957e-08,
                7.807916389964645e-08,
                1.109566587651151e-07,
                1.0741512770364673e-07,
                1.1257558465429477e-07,
                4.995316884583937e-08,
                5.1251815431940274e-08,
                4.335962593973123e-08,
                1.0881373969950404e-08,
                0.0,
                0.0,
                0.7257373353146259,
                4.1035231104232155,
                0.23053346987198972,
                0.0,
                0.2124871937146423,
                1.4465101609711928e-06,
                1.0845335642120646e-05,
                1.6133243720670154e-05,
                0.00010449684004013027,
                22.176679820787122
            ],
            "objective_values": {
                "1": 4909.24267578125,
                "2": 5179.2734375,
                "3": 5183.822265625,
                "4": 5138.7421875,
                "5": 5097.32080078125,
                "6": 5039.7646484375,
                "7": 4743.2099609375,
                "8": 4652.9423828125,
                "9": 4645.35107421875,
                "10": 4583.0224609375,
                "11": 4571.23046875,
                "12": 4298.6513671875,
                "13": 4243.61376953125,
                "14": 4227.0224609375,
                "15": 4226.5009765625,
                "16": 4225.7763671875,
                "17": 4225.60791015625,
                "18": 4225.39111328125,
                "19": 4225.056640625,
                "20": 4224.83203125,
                "21": 4228.6533203125,
                "22": 4242.3740234375,
                "23": 4224.4404296875,
                "24": 4224.25830078125,
                "25": 4223.84228515625,
                "26": 4223.6328125,
                "27": 4230.6533203125,
                "28": 4223.5947265625,
                "29": 4224.28369140625,
                "30": 4223.54052734375,
                "31": 4223.5146484375,
                "32": 4223.4169921875,
                "33": 4223.3896484375,
                "34": 4225.4580078125,
                "35": 4223.34912109375,
                "36": 4223.33544921875,
                "37": 4223.296875,
                "38": 4223.2314453125,
                "39": 4223.21142578125,
                "40": 4223.146484375,
                "41": 4223.10205078125,
                "42": 4223.017578125,
                "43": 4223.00634765625,
                "44": 4223.0302734375,
                "45": 4223.126953125,
                "46": 4222.98193359375,
                "47": 4223.13134765625,
                "48": 4223.0869140625,
                "49": 4222.9287109375,
                "50": 4222.90576171875,
                "51": 4222.85205078125,
                "52": 4222.7705078125,
                "53": 4222.76318359375,
                "54": 4223.4345703125,
                "55": 4222.73486328125,
                "56": 4223.6904296875,
                "57": 4223.23486328125,
                "58": 4223.1103515625,
                "59": 4223.0419921875,
                "60": 4222.8447265625,
                "61": 4222.65771484375,
                "62": 4222.51708984375,
                "63": 4222.4501953125,
                "64": 4222.35400390625,
                "65": 4222.30322265625,
                "66": 4222.21435546875,
                "67": 4225.4833984375,