{
    "optimierung_id": 2,
    "opt_result": [
        {
            "optimal_value": 3914.176135842022,
            "optimal_schrott_list": [
                2.06760494588652,
                1.330985853748391e-10,
                1.3338358662854818e-10,
                1.3297675427098343e-10,
                1.7222420102051366,
                1.86441392266544,
                131.80028975825996,
                0.0,
                141.37946447012467,
                139.71320539099293,
                1.079818362766149e-13,
                1.7077479992628213e-13,
                3.7823731024721467e-13,
                2.7417409165323203e-14,
                0.0,
                5.724037692302196e-13,
                2.2577051215991366e-14,
                0.0,
                1.0951436593339512e-13,
                1.2181359671707024e-13,
                2.34279792648894e-13,
                0.0,
                3.5026509000235106e-14,
                4.46531448622113e-13,
                1.4470175648969377e-13,
                8.547884519323552e-14,
                8.83109068652329e-14,
                0.0,
                9.747439116814409e-15,
                2.1913858983059373e-13,
                4.0740725329405717e-11,
                4.0732630239146146e-11,
                7.949245604947733,
                4.1188908069358447e-11,
                4.118981716634362e-11,
                8.135525454368057,
                1.1140680999491769e-10,
                7.083435357270764,
                1.917449078535639e-13,
                1.0932086989119361e-10,
                1.1884028173169667,
                1.9660470176568986e-10,
                3.533156465650798e-09,
                1.2513945414905312,
                1.9008989721546803,
                2.1613165911140783e-10,
                20.337084676839588,
                0.637038944697862,
                23.837151211776195,
                17.978490673888786,
                4.317804581536366,
                4.317804581534824,
                8.251169770836126e-13,
                0.0,
                8.800224223574805e-13,
                1.2462176994654933e-12,
                3.6342353172569483e-12,
                1.6140320612233568e-09,
                3.6362341294849096e-12,
                27.353246025371035,
                1.7428794163817958e-12,
                1.6609598944731543e-12,
                1.7059031444907582e-12,
                1.7306476680982846e-12,
                1.4741795730815814e-12,
                1.964549179160478e-12,
                1.337177590431891e-12,
                1.5773875396851289e-12,
                1.4484175611542454e-12,
                0.0,
                5.504575059792929e-11,
                2.274303198225449,
                1.5240284400542945,
                1.52402843972814,
                1.366219539245276e-10,
                6.68037187106226e-11,
                88.4221296108238,
                2.2670382375448432,
                84.10938190449883,
                94.00571434648371,
                1.202155983841269e-12,
                0.0,
                1.062792855893384e-12,
                1.0780120556896562e-12,
                1.171249675336739e-12,
                1.3825292646030788e-12,
                1.0648656086227764e-12,
                1.303482610775446e-12,
                1.1048506919226658e-12,
                9.962644184116104e-13,
                2.6889102220817553e-13,
                1.9389737374066625e-13,
                3.910512153898675e-13,
                3.145446019706513e-13,
                3.867585684240244e-13,
                5.724613715806768e-13,
                0.0,
                1.084770823662695e-10,
                1.3948986812319664e-13,
                3.855299667237281e-13,
                7.574303980922329e-12,
                6.729197668811101e-12,
                6.8001786464316194e-12,
                7.794044721820372e-12,
                7.383324115740796e-12,
                7.102630414693933e-12,
                7.876281465272869e-12,
                7.700454049363685e-12,
                7.578640479850485e-12,
                7.782085206945276e-12,
                3.135539957427239e-13,
                0.0,
                3.044983308371524e-13,
                3.453796486058079e-13,
                3.2379496452593043e-13,
                5.956800898096364e-13,
                3.695894625817996e-13,
                1.8823040787833485e-10,
                2.355729851232561e-13,
                2.4506039859340935e-13,
                9.803330938506213e-13,
                1.035711956323718e-12,
                9.801559677312356e-13,
                0.0,
                1.0537390979082561e-12,
                1.1698219659803314e-12,
                1.0036528110327049e-12,
                1.0990931517915071e-12,
                9.134793650966406e-13,
                8.772995999178365e-13,
                4.965135885472302e-13,
                6.323055392778716e-13,
                5.940037728621711e-13,
                4.931381524571408e-13,
                7.31994343939584e-13,
                8.573840670620536e-13,
                6.847007602669447e-13,
                8.628813255505582e-13,
                0.0,
                6.175674181369018e-13,
                4.506799378310346e-12,
                5.13645819345643e-12,
                4.490182668619813e-12,
                4.978233006706752e-12,
                9.257861423088934e-12,
                8.860716126544344e-12,
                8.59258956977097e-12,
                9.413357695152193e-12,
                4.998670817447764e-13,
                4.905958293292168e-13,
                1.996468153478128e-10,
                0.08437647683631162,
                2.0948637989110247e-10,
                0.0,
                0.24794736899615394,
                3.812348269344907e-11,
                3.15599939269107e-09,
                3.4528235779812714e-11,
                3.98516254752134,
                9.79672388053714
            ],
            "objective_values": {
                "1": 4836.0625,
                "2": 4847.708984375,
                "3": 4984.71875,
                "4": 5064.8623046875,
                "5": 5045.7470703125,
                "6": 4950.17041015625,
                "7": 4846.93994140625,
                "8": 4837.86572265625,
                "9": 4792.408203125,
                "10": 4565.31298828125,
                "11": 4295.0927734375,
                "12": 4294.97998046875,
                "13": 4294.4794921875,
                "14": 4292.029296875,
                "15": 4291.93408203125,
                "16": 4291.6123046875,
                "17": 4294.62060546875,
                "18": 4325.974609375,
                "19": 4363.748046875,
                "20": 4363.9638671875,
                "21": 4362.9296875,
                "22": 4363.25048828125,
                "23": 4363.26513671875,
                "24": 4362.8232421875,
                "25": 4360.88916015625,
                "26": 4354.275390625,
                "27": 4323.779296875,
                "28": 4349.2763671875,
                "29": 4346.6279296875,
                "30": 4348.05712890625,
                "31": 4347.255859375,
                "32": 4344.62353515625,
                "33": 4343.3720703125,
                "34": 4346.89013671875,
                "35": 4347.1796875,
                "36": 4317.921875,
                "37": 4347.03857421875,
                "38": 4341.244140625,
                "39": 4295.06689453125,
                "40": 4308.4443359375,
                "41": 4314.265625,
                "42": 4338.279296875,
                "43": 4339.58251953125,
                "44": 4291.24462890625,
                "45": 4290.92041015625,
                "46": 4290.7744140625,
                "47": 4290.59375,
                "48": 4290.45849609375,