{
    "optimierung_id": 2,
    "opt_result": [
        {
            "optimal_value": 3727.435910957562,
            "optimal_schrott_list": [
                167.56651417707465,
                0.0,
                0.0,
                0.0,
                0.0,
                0.0,
                0.0,
                144.32224441861734,
                0.0,
                0.0,
                0.0,
                0.0,
                0.0,
                0.0,
                0.0,
                0.0
            ],
            "objective_values": {
                "1": 3650.596923828125,
                "2": 3734.216552734375,
                "3": 3746.83740234375,
                "4": 3747.158935546875,
                "5": 3748.910888671875,
                "6": 3748.910888671875
            },
            "elapsed_time": 0.1316850185394287
        }
    ]
}