{
    "optimierung_id": 4,
    "opt_result": [
        {
            "optimal_value": 4229.941500346411,
            "optimal_schrott_list": [
                59.30254393528248,
                53.876928450586185,
                53.865861151764165,
                53.87692391169819,
                55.20714140473807,
                59.28929350672399,
                53.846310507130696,
                0.0,
                60.84815450521018,
                59.40474214660458,
                7.700097879028464e-13,
                7.777680836477152e-13,
                6.828500778779834e-13,
                7.350027810427971e-13,
                0.0,
                7.131964909791928e-13,
                4.281520943613148e-12,
                0.0,
                4.129390762481413e-12,
                4.161991176946175e-12,
                1.905023135268332e-13,
                1.5612266142438105e-13,
                1.8493186778454575e-13,
                1.7067870363564634e-13,
                1.6876170396533336e-13,
                1.457284969045692e-13,
                2.443854814696554e-13,
                0.0,
                2.4786755879618505e-13,
                2.2630634639529988e-13,
                1.312483213638411e-12,
                1.308993102169831e-12,
                1.5981164622206279,
                1.1936710213675703e-12,
                1.191514412457815e-12,
                7.28725534711671,
                4.0969035406956045e-10,
                1.5981164622202064,
                7.5419405455768e-12,
                4.098484136067487e-10,
                1.7643455802149022,
                0.14835874679187855,
                0.6855751158459298,
                1.7643439310647286,
                0.6206405823141369,
                1.699412695832217,
                27.129373325594717,
                0.6206558754573978,
                28.38666973129996,
                25.673199320364812,
                6.070777611275938,
                6.070777611276111,
                2.910478559610018e-12,
                0.0,
                2.903096976263988e-12,
                2.890406407337579e-12,
                0.6872089775211382,
                0.3452030838256476,
                0.6872107762617291,
                27.70049074808128,
                1.2124709045099689e-11,
                1.1137202030522672e-11,
                1.2126806653444299e-11,
                1.2079361412045125e-11,
                1.0327389608706916e-11,
                1.215819126920958e-11,
                1.0039884345777213e-11,
                1.034629929493096e-11,
                1.1878219386411051e-11,
                0.0,
                0.5042311141737464,
                0.9145202993774547,
                0.6083235974569352,
                0.6083235974569365,
                0.5055918775706865,
                0.6083235974569231,
                194.50747824122456,
                0.8328569657953807,
                193.15241810846493,
                0.0,
                8.274926449334546e-12,
                0.0,
                8.007072565191343e-12,
                8.187787323229542e-12,
                8.19201647969487e-12,
                7.922982751423983e-12,
                7.970293818572375e-12,
                8.37223825205833e-12,
                8.056019506236537e-12,
                7.417423758919638e-12,
                2.4012870484694938e-12,
                2.220381293444554e-12,
                2.398344033799859e-12,
                2.2203029167693637e-12,
                2.398059594720695e-12,
                2.3953571008662624e-12,
                0.0,
                2.308649168360616e-12,
                1.8295399618404473e-12,
                1.919392019204239e-12,
                5.777569630376357e-11,
                5.3319459949291355e-11,
                5.125287059245047e-11,
                5.892729312647763e-11,
                5.5227723842354437e-11,
                5.3252906884415146e-11,
                5.9866656677693e-11,
                5.554949588677047e-11,
                5.67694336593117e-11,
                5.99806942951607e-11,
                2.2151993556501324e-12,
                0.0,
                2.116464275815758e-12,
                2.396540481724207e-12,
                2.397320951553149e-12,
                2.307316545233254e-12,
                1.740828773910015e-12,
                2.1257585079455015e-12,
                1.822910012436022e-12,
                1.923359760861033e-12,
                6.921386813599362e-12,
                7.46309777095947e-12,
                7.107644304613323e-12,
                0.0,
                7.279036734292812e-12,
                6.826105376288135e-12,
                7.049599391181589e-12,
                6.924964621193367e-12,
                6.777829253137674e-12,
                6.6802244947296964e-12,
                4.106924924534071e-12,
                4.019640015984405e-12,
                3.917888677404805e-12,
                3.836384162274815e-12,
                4.09977632616099e-12,
                4.1018125856065696e-12,
                3.987389898118606e-12,
                3.900431224058906e-12,
                0.0,
                3.7121807777722745e-12,
                4.232919312567648e-11,
                4.6121078460930376e-11,
                4.140907855631886e-11,
                4.590809236234254e-11,
                5.0046505753903955e-11,
                4.439278321955752e-11,
                4.505464411008648e-11,
                4.7354546736008026e-11,
                4.5469596698720334e-11,
                4.663089475195019e-11,
                6.150108901349108e-06,
                0.4964751296868451,
                1.0878464312134294e-06,
                0.0,
                0.4049265279819818,
                0.4049265279786914,
                6.3999889675833135,
                0.9707052412652817,
                10.470045490904779,
                13.056571942445307
            ],
            "objective_values": {
                "1": 4866.62353515625,
                "2": 4827.4189453125,
                "3": 4901.26953125,
                "4": 5111.18408203125,
                "5": 5347.294921875,
                "6": 5335.1259765625,
                "7": 5274.326171875,
                "8": 4971.6796875,
                "9": 4946.673828125,
                "10": 4946.56982421875,
                "11": 4946.048828125,
                "12": 4943.443359375,
                "13": 4941.7939453125,
                "14": 4941.3779296875,
                "15": 4943.01318359375,
                "16": 4943.90625,
                "17": 4944.72998046875,
                "18": 4946.2978515625,
                "19": 4948.85986328125,
                "20": 4951.5546875,
                "21": 4953.373046875,
                "22": 4956.63525390625,
                "23": 4958.01416015625,
                "24": 4941.98291015625,
                "25": 4941.86865234375,
                "26": 4942.0576171875,
                "27": 4942.3017578125,
                "28": 4943.02099609375,
                "29": 4945.36328125,
                "30": 4947.1142578125,
                "31": 4947.3408203125,
                "32": 4945.2255859375,
                "33": 4945.31640625,
                "34": 4945.6669921875,
                "35": 4947.74169921875,
                "36": 4947.7568359375,
                "37": 4947.2685546875,
                "38": 4944.568359375,
                "39": 4944.71533203125,
                "40": 4944.31689453125,
                "41": 4945.6748046875,
                "42": 4943.771484375,
                "43": 4949.29736328125,
                "44": 4945.3779296875,
                "45": 4942.07666015625,
                "46": 4942.63623046875,
                "47": 4944.36328125,
                "48": 4941.22265625
            },