{
    "optimierung_id": 3,
    "opt_result": [
        {
            "optimal_value": 4142.027720660335,
            "optimal_schrott_list": [
                107.27595339971501,
                0.011217618627864759,
                0.0,
                0.26697174867296564,
                0.0030110176382159514,
                108.97267676890701,
                8.249651289177207e-08,
                0.0,
                158.6830245256986,
                90.67031252190895,
                0.0,
                3.5596241882915325e-11,
                0.0,
                2.1566709139039797e-11,
                0.0,
                1.7779105227974656e-11,
                2.2818758601411693e-13,
                0.0,
                7.952959037854646e-14,
                0.0,
                0.0,
                0.0,
                0.0,
                1.918011582890955e-11,
                2.4873870324571e-11,
                5.383372567169253e-12,
                0.0,
                0.0,
                0.0,
                0.0,
                1.5550214431273917,
                8.261707829968976e-08,
                9.99977201772382,
                0.0,
                0.0,
                9.998748140667283,
                9.865762296693704,
                9.999720684514696,
                0.0,
                20.705579232164244,
                0.0002955696625119698,
                0.0,
                0.0,
                2.004374469540991e-10,
                0.0,
                0.0,
                1.3743643362452594e-09,
                0.0,
                8.388658014074233e-10,
                7.878841385057121e-10,
                1.6796082246490254,
                0.0,
                0.0,
                0.0,
                3.6352732074584893e-09,
                3.0270412305216654e-10,
                0.0,
                0.0,
                0.0,
                29.28214259210531,
                0.0,
                0.0,
                0.0,
                1.625286905588912e-11,
                2.393729390932583e-11,
                2.92941902289498e-12,
                0.0,
                0.0,
                0.0,
                0.0,
                4.231843748031127,
                9.988707005539034,
                0.0,
                9.732444476662035,
                3.5388370238764506,
                0.0,
                0.0,
                2.498122697851962e-09,
                8.353771884590973e-08,
                255.63134071399713,
                0.0,
                0.0,
                0.0,
                1.858915786072238e-11,
                2.4501034737954658e-11,
                5.09983278585923e-12,
                0.0,
                0.0,
                0.0,
                0.0,
                0.0,
                0.0,
                5.023764376814414e-10,
                1.4263758638230104e-09,
                1.8293797487726047e-09,
                5.24282128397863e-10,
                0.0,
                0.0,
                0.0,
                0.0,
                0.0,
                0.0,
                0.0,
                0.0,
                0.0,
                0.0,
                0.0,
                0.0,
                0.0,
                0.0,
                0.0,
                0.0,
                6.092653597476582e-10,
                1.1638120200341097e-09,
                1.8292981206490733e-09,
                5.544203690929208e-10,
                0.0,
                0.0,
                0.0,
                0.0,
                0.0,
                0.0,
                0.0,
                0.0,
                2.517681351853515e-11,
                5.792459963506072e-12,
                0.0,
                0.0,
                0.0,
                0.0,
                0.0,
                0.0,
                0.0,
                2.0212484325019464e-11,
                2.5975350176858777e-11,
                6.333604454566771e-12,
                0.0,
                0.0,
                0.0,
                0.0,
                3.724882273285768e-14,
                8.826392768794891e-12,
                1.3718934002053887e-11,
                4.4853702376628293e-11,
                0.0,
                0.0,
                0.0,
                0.0,
                0.0,
                0.0,
                2.0423573282995964,
                0.0,
                0.0,
                0.0,
                0.8457829007387593,
                0.0,
                0.0,
                4.829590317945165e-09,
                0.0,
                11.74103431400833
            ],
            "objective_values": {
                "1": 4818.56201171875,
                "2": 5081.703125,
                "3": 5112.2060546875,
                "4": 5077.53564453125,
                "5": 5026.19091796875,
                "6": 4877.80859375,
                "7": 4877.84326171875,
                "8": 4878.00390625,
                "9": 4879.6884765625,
                "10": 4880.5888671875,
                "11": 4884.7138671875,
                "12": 4889.07568359375,
                "13": 4886.8828125,
                "14": 4886.8369140625,
                "15": 4887.927734375,
                "16": 4887.7939453125,
                "17": 4896.025390625,
                "18": 4892.541015625,
                "19": 4892.7470703125,
                "20": 4896.50830078125,
                "21": 4895.0537109375,
                "22": 4895.2080078125,
                "23": 4895.98779296875,
                "24": 4898.0537109375,
                "25": 4897.0498046875,
                "26": 4899.1162109375,
                "27": 4897.2509765625,
                "28": 4898.40234375,
                "29": 4897.83642578125,
                "30": 4898.49658203125,
                "31": 4899.14794921875,
                "32": 4887.4267578125,
                "33": 4864.5830078125,
                "34": 4848.73486328125,
                "35": 4837.619140625,
                "36": 4805.1953125,
                "37": 4781.04150390625,
                "38": 4776.58740234375,
                "39": 4771.591796875,
                "40": 4767.65625,
                "41": 4767.27197265625,
                "42": 4766.630859375,
                "43": 4766.0947265625,
                "44": 4764.8037109375,
                "45": 4741.48974609375,
                "46": 4717.6298828125,
                "47": 4678.18359375,
                "48": 4661.44140625,
                "49": 4634.3857421875,
                "50": 4605.49072265625,
                "51": 4581.6708984375,
                "52": 4546.341796875,
                "53": 4545.29736328125,
                "54": 4543.12109375,
                "55": 4542.28955078125,
                "56": 4540.71630859375,
                "57": 4538.8359375,
                "58": 4538.92578125,
                "59": 4538.205078125,
                "60": 4535.35888671875,
                "61": 4532.513671875,
                "62": 4529.10791015625,
                "63": 4525.705078125,
                "64": 4526.93896484375,
                "65": 4527.02978515625,
                "66": 4519.36767578125,
                "67": 4520.76806640625,
                "68": 4520.91845703125,
                "69": 4521.22607421875,
                "70": 4521.2216796875,
                "71": 4521.03857421875,
                "72": 4520.8701171875,
                "73": 4520.72119140625,
                "74": 4520.59033203125,
                "75": 4520.5244140625,
                "76": 4520.49951171875,
                "77": 4520.47802734375,
                "78": 4519.7822265625,
                "79": 4523.177734375,
                "80": 4523.25146484375,
                "81": 4519.64599609375,
                "82": 4519.5986328125,
                "83": 4519.46240234375,
                "84": 4519.3154296875,
                "85": 4519.212890625,