{
    "optimierung_id": 2,
    "opt_result": [
        {
<<<<<<< HEAD
            "optimal_value": 3948.979193070165,
            "optimal_schrott_list": [
                51.17729091495389,
                1.7970950935044487,
=======
            "optimal_value": 3727.435910957562,
            "optimal_schrott_list": [
                167.56651417707465,
>>>>>>> db70772e24128f24211189b22d9ca4bc48e849f1
                0.0,
                2.3598337910504807e-18,
                3.631501524037767,
                2.137656791664028,
                0.0,
                69.95037230832479,
                0.0,
                2.775553914062169e-16,
                1.1102191428376678e-16,
                0.0,
                0.0,
<<<<<<< HEAD
                1.0634624384230849e-17,
                1.3229761281050614e-17,
                14.072312417966181
            ],
            "objective_values": {
                "1": 4088.989501953125,
                "2": 4088.989501953125
            },
            "elapsed_time": 0.09224319458007812
=======
                0.0,
                144.32224441861734,
                0.0,
                0.0,
                0.0,
                0.0,
                0.0,
                0.0,
                0.0,
                0.0
            ],
            "objective_values": {
                "1": 3650.596923828125,
                "2": 3734.216552734375,
                "3": 3746.83740234375,
                "4": 3747.158935546875,
                "5": 3748.910888671875,
                "6": 3748.910888671875
            },
            "elapsed_time": 0.1316850185394287
>>>>>>> db70772e24128f24211189b22d9ca4bc48e849f1
        }
    ]
}