{
    "optimierung_id": 9,
    "opt_result": [
        {
            "optimal_value": 3819.4835788586306,
            "optimal_schrott_list": [
                706.7212806590737,
                1.306109680045825e-12,
                0.0,
                42.49320110203205,
                1.2634973335602304e-11,
                35.90425879211232,
                0.0,
                382.26853887354366,
                0.0,
                0.0,
                0.0,
                0.0,
                0.0,
                0.0,
                0.0,
                18.873849039107473
            ],
            "objective_values": {
                "1": 3930.532470703125,
                "2": 3977.12353515625,
                "3": 4055.952392578125,
                "4": 4059.204833984375,
                "5": 4051.5537109375,
                "6": 4057.568359375,
                "7": 4086.092529296875,
                "8": 4086.092529296875,
                "9": 4086.092529296875
            },
            "elapsed_time": 0.21480751037597656
        }
    ]
}