{
    "optimierung_id": 8,
    "opt_result": [
        {
            "optimal_value": 4188.966063717873,
            "optimal_schrott_list": [
                68.97283027707148,
                59.422542914630974,
                58.791628474083666,
                60.97067933526091,
                1.4668659031207274,
                124.67563694981408,
                55.62917204061711,
                0.0,
                67.5118343535896,
                64.91847626968075,
                8.876206823074725e-12,
                2.5069481180290436e-11,
                2.206856683245079e-12,
                2.0507238502610475e-12,
                0.0,
                3.900103913678933e-12,
                2.1347555868825666e-12,
                0.0,
                1.9191796912022348e-12,
                2.0764634001840103e-12,
                7.774327792200235e-12,
                7.785868497586514e-12,
                1.6832129963674545e-12,
                1.7475084813590992e-12,
                7.395260206467748e-12,
                3.260254702677871e-12,
                1.838392738228432e-12,
                0.0,
                1.9460247120903316e-12,
                1.9444816596457587e-12,
                4.664256870165479e-10,
                3.7626561603736216e-11,
                7.106299294590214,
                2.1347072654104633e-15,
                9.618595934579384e-12,
                9.999781537737116,
                2.1039779528840704e-09,
                0.0006624099841780331,
                2.1443524911017355e-15,
                2.1298272488738964e-09,
                2.6573249487743262,
                3.4971865687169445e-07,
                0.04871529110753284,
                7.210891284321373,
                6.727906891946733,
                5.2410709998391e-07,
                6.3145358575839525,
                5.338068105480225,
                39.702512858540345,
                3.7268973929562306e-05,
                7.0350758860456795,
                5.117315519637097,
                2.8364656079924816e-15,
                0.0,
                4.4626033345902016e-13,
                2.7019683722753174e-16,
                2.809004516451091e-15,
                2.369992431699632e-10,
                2.7963749375460407e-15,
                27.75455642547521,
                4.644567339735753e-16,
                4.3043909512660243e-16,
                6.819861636975594e-16,
                6.813480983664585e-16,
                7.052802938603099e-14,
                4.322152317138745e-16,
                2.9891092491428103e-16,
                4.440312136403884e-16,
                5.471829782051278e-16,
                0.0,
                1.843065677102891e-08,
                1.9024320332506104,
                2.5279293722103926,
                2.5279293721794884,
                0.021359204076872782,
                1.5241118780313586e-11,
                173.0891278242859,
                4.647659866610769,
                139.15667344448713,
                0.0,
                3.554338079852363e-16,
                0.0,
                4.940405347980896e-16,
                5.011089146263486e-16,
                4.355545865391763e-16,
                4.830868681603064e-16,
                5.130613641205132e-16,
                3.5784767200871164e-16,
                5.174733066573904e-16,
                4.774490748578118e-16,
                4.09196765613539e-12,
                4.32328546067976e-12,
                1.317272769000843e-16,
                1.186858142022421e-16,
                6.913014793803146e-12,
                2.8447693423821004e-16,
                0.0,
                2.5650535200910565e-12,
                1.193094524239337e-16,
                1.2276500938088572e-16,
                3.4496041901749054e-15,
                3.1771848254954528e-15,
                3.3053127417593637e-15,
                3.764295866957859e-15,
                3.3984722353757855e-15,
                3.4086939594960278e-15,
                3.8229958135646265e-15,
                3.435919472795947e-15,
                3.646410157089176e-15,
                3.836077744056751e-15,
                4.307848540531927e-12,
                0.0,
                1.1182957484651743e-16,
                1.293225584741623e-16,
                6.8917744241883476e-12,
                2.906027919801144e-16,
                1.1179547870137206e-16,
                2.779593542357547e-12,
                1.1717229075504034e-16,
                1.253069765372649e-16,
                3.9744496003508454e-16,
                3.6786138608630685e-16,
                4.374039213162054e-16,
                0.0,
                4.4157060997731747e-16,
                4.1556108563291503e-16,
                4.514529531137091e-16,
                2.9716745925816316e-16,
                4.3550675728788994e-16,
                4.296110388279719e-16,
                9.023000582045573e-12,
                9.126229668674578e-12,
                1.7273511585540763e-13,
                2.7282875735351356e-13,
                5.826514443794372e-12,
                1.707811751754025e-12,
                2.689170392315953e-12,
                7.756341785770334e-12,
                0.0,
                3.002438701053152e-12,
                8.677100566244652e-14,
                8.537260288446173e-14,
                9.192933668995215e-14,
                8.96188612345984e-14,
                3.7131509076930366e-11,
                3.9653749301940756e-11,
                3.660452976246836e-11,
                3.9299844616020954e-11,
                4.697646406140089e-11,
                4.616880624373496e-11,
                2.464623694694453e-12,
                0.121343600350168,
                0.20466033027941058,
                0.0,
                0.33905296344853203,
                6.682635704594755e-14,
                6.716429877887938e-12,
                1.127011034776718e-05,
                3.619154460050383,
                12.773180500967285
            ],
            "objective_values": {
                "1": 4865.31982421875,
                "2": 4906.328125,
                "3": 5099.49560546875,
                "4": 5280.69775390625,
                "5": 5269.45947265625,
                "6": 5213.26611328125,
                "7": 4945.8701171875,
                "8": 4946.61328125,
                "9": 4945.3076171875,
                "10": 4944.6845703125,
                "11": 4943.9609375,
                "12": 4943.35302734375,
                "13": 4942.4111328125,
                "14": 4941.900390625,
                "15": 4939.39453125,
                "16": 4939.4619140625,
                "17": 4940.08837890625,
                "18": 4941.05224609375,
                "19": 4941.3564453125,
                "20": 4941.36865234375,
                "21": 4940.5322265625,
                "22": 4941.2783203125,
                "23": 4940.29052734375,
                "24": 4940.27783203125,
                "25": 4940.58056640625,
                "26": 4939.1298828125,
                "27": 4939.0859375,
                "28": 4939.0556640625,
                "29": 4939.01416015625,
                "30": 4938.90966796875,
                "31": 4938.86328125,
                "32": 4938.7978515625,
                "33": 4940.37451171875,
                "34": 4940.8017578125,
                "35": 4939.0107421875,
                "36": 4938.6748046875,
                "37": 4938.6337890625,
                "38": 4938.58447265625,
                "39": 4938.5244140625,
                "40": 4938.50390625,
                "41": 4938.5009765625,
                "42": 4938.84716796875,
                "43": 4939.1767578125,
                "44": 4939.75048828125,
                "45": 4940.0068359375,
                "46": 4939.87548828125,
                "47": 4943.55859375,
                "48": 4943.859375,