{
    "optimierung_id": 6,
    "opt_result": [
        {
            "optimal_value": 3834.3864588787596,
            "optimal_schrott_list": [
                7.044703960418701,
                7.044703960418701,
                7.044703960418701,
                7.044703960418701,
                7.044703960418701,
                7.044703960418701,
                7.044703960418701,
                0.0,
                7.044703960418701,
                7.044703960418701,
                0.19496887922286987,
                0.19496887922286987,
                0.19496887922286987,
                0.19496887922286987,
                0.0,
                0.19496887922286987,
                0.19496887922286987,
                0.0,
                0.19496887922286987,
                0.19496887922286987,
                0.19574667513370514,
                0.19574667513370514,
                0.19574667513370514,
                0.19574667513370514,
                0.19574667513370514,
                0.19574667513370514,
                0.19574667513370514,
                0.0,
                0.19574667513370514,
                0.19574667513370514,
                0.4373055398464203,
                0.4373055398464203,
                0.4373055398464203,
                0.4373055398464203,
                0.4373055398464203,
                0.4373055398464203,
                0.4373055398464203,
                0.4373055398464203,
                0.4373055398464203,
                0.4373055398464203,
                0.44798585772514343,
                0.44798585772514343,
                0.44798585772514343,
                0.44798585772514343,
                0.44798585772514343,
                0.44798585772514343,
                0.44798585772514343,
                0.44798585772514343,
                0.44798585772514343,
                0.44798585772514343,
                0.7178159356117249,
                0.7178159356117249,
                0.7178159356117249,
                0.0,
                0.7178159356117249,
                0.7178159356117249,
                0.7178159356117249,
                0.7178159356117249,
                0.7178159356117249,
                0.7178159356117249,
                0.0009074349072761834,
                0.0009074349072761834,
                0.0009074349072761834,
                0.0009074349072761834,
                0.0009074349072761834,
                0.0009074349072761834,
                0.0009074349072761834,
                0.0009074349072761834,
                0.0009074349072761834,
                0.0,
                0.008801502175629139,
                0.008801502175629139,
                0.008801502175629139,
                0.008801502175629139,
                0.008801502175629139,
                0.008801502175629139,
                0.008801502175629139,
                0.008801502175629139,
                0.008801502175629139,
                0.008801502175629139,
                0.0,
                0.0,
                0.0,
                0.0,
                0.0,
                0.0,
                0.0,
                0.0,
                0.0,
                0.0,
                0.0,
                0.0,
                0.0,
                0.0,
                0.0,
                0.0,
                0.0,
                0.0,
                0.0,
                0.0,
                0.0,
                0.0,
                0.0,
                0.0,
                0.0,
                0.0,
                0.0,
                0.0,
                0.0,
                0.0,
                0.0,
                0.0,
                0.0,
                0.0,
                0.0,
                0.0,
                0.0,
                0.0,
                0.0,
                0.0,
                0.0,
                0.0,
                0.0,
                0.0,
                0.0,
                0.0,
                0.0,
                0.0,
                0.0,
                0.0,
                0.006149122957140207,
                0.006149122957140207,
                0.006149122957140207,
                0.006149122957140207,
                0.006149122957140207,
                0.006149122957140207,
                0.006149122957140207,
                0.006149122957140207,
                0.0,
                0.006149122957140207,
                7.572706699371338,
                7.572706699371338,
                7.572706699371338,
                7.572706699371338,
                7.572706699371338,
                7.572706699371338,
                7.572706699371338,
                7.572706699371338,
                7.572706699371338,
                7.572706699371338,
                0.5441372394561768,
                0.5441372394561768,
                0.5441372394561768,
                0.0,
                0.5441372394561768,
                0.5441372394561768,
                0.5441372394561768,
                0.5441372394561768,
                0.5441372394561768,
                0.5441372394561768
            ],
            "objective_values": {
                "1": 4185.36962890625
            },
            "elapsed_time": 0.059833526611328125
        }
    ]
}