{
    "optimierung_id": 2,
    "opt_result": [
        {
            "optimal_value": 3948.979193070165,
            "optimal_schrott_list": [
                51.17729091495389,
                1.7970950935044487,
                0.0,
                2.3598337910504807e-18,
                3.631501524037767,
                2.137656791664028,
                0.0,
                69.95037230832479,
                0.0,
                2.775553914062169e-16,
                1.1102191428376678e-16,
                0.0,
                0.0,
                1.0634624384230849e-17,
                1.3229761281050614e-17,
                14.072312417966181
            ],
            "objective_values": {
                "1": 4088.989501953125,
                "2": 4088.989501953125
            },
            "elapsed_time": 0.09224319458007812
        }
    ]
}