{
    "optimierung_id": 7,
    "opt_result": [
        {
            "optimal_value": 4085.4708982930247,
            "optimal_schrott_list": [
                0.0,
                55.76037893937267,
                56.0994501375407,
                55.79164268849532,
                57.94275497527275,
                60.710337698587736,
                54.93101468325407,
                0.0,
                61.71452390278404,
                60.601776087183154,
                1.2825374938677797e-11,
                2.810543555798911e-12,
                3.766244576546032e-12,
                3.853845603045582e-12,
                0.0,
                2.9968553476385342e-12,
                9.157625081510353e-12,
                0.0,
                9.252782500874773e-12,
                9.01252582183948e-12,
                5.541980071425908e-12,
                1.4166171745509307e-12,
                1.636880209332188e-12,
                1.6366240562835916e-12,
                1.6378070169623746e-12,
                2.163840055282934e-12,
                9.591368668661554e-13,
                0.0,
                9.56196517398593e-13,
                9.57638136580509e-13,
                1.489916870310411e-11,
                1.2640874938952255e-11,
                1.2260231547996512,
                1.1967106644571537e-11,
                1.1967385041970992e-11,
                8.731009296555714,
                3.8170006648289006e-10,
                0.09723010250247927,
                6.589719450202873e-13,
                3.816755025885745e-10,
                0.7495352016747485,
                0.12899727092002886,
                0.0002789332992984462,
                2.3817537468785788,
                2.625858062622624,
                0.07271314631379804,
                26.896254604565264,
                1.3572196627790891,
                30.337731315029064,
                24.362468667686052,
                5.651458270118378,
                5.944422493196175,
                3.6125481095311576e-12,
                0.0,
                3.6125611931979654e-12,
                4.123171802488922e-12,
                3.303916370191856e-09,
                7.397132748909008e-06,
                3.3039272147298307e-09,
                29.991579197787498,
                3.84945727762733e-13,
                2.829498024585073e-13,
                5.115252625242607e-13,
                5.115812815360106e-13,
                7.111485284074563e-13,
                1.2506874707514345e-12,
                3.9112487270850094e-14,
                1.2610238784775705e-12,
                4.3186469046279196e-14,
                0.0,
                9.043922954688853e-05,
                3.3397462145818775,
                1.8773101635620972,
                1.8789412873004485,
                0.0021074306487600244,
                3.2591515412645276e-05,
                189.81789714504563,
                8.536789285347114,
                186.7087177977626,
                0.0,
                5.042075252232374e-12,
                0.0,
                7.341646016102043e-13,
                7.353993062887826e-13,
                7.353671211166614e-13,
                1.2599624744402367e-12,
                5.923571393286531e-14,
                1.286597499562668e-12,
                5.998392782428583e-14,
                5.5154141228783215e-14,
                1.0827627922785442e-11,
                4.700631842055955e-13,
                6.935079951619797e-13,
                6.921524193402632e-13,
                6.935109732915657e-13,
                1.2199534553030715e-12,
                0.0,
                1.24266358274059e-12,
                1.3609134126158856e-14,
                1.428484814946596e-14,
                2.460696852321196e-13,
                8.382454160820658e-13,
                1.046912156345494e-12,
                1.098140132491581e-12,
                1.0726733142627322e-12,
                1.5860194912953006e-12,
                4.4271057624853863e-13,
                1.6318922457273855e-12,
                4.2267709814113525e-13,
                4.432159790117653e-13,
                1.0929186909196341e-11,
                0.0,
                6.914257285472408e-13,
                6.934817980400483e-13,
                6.93441800172267e-13,
                1.2193515774882537e-12,
                1.2948800025781578e-14,
                1.2414189018732882e-12,
                1.3591960833597096e-14,
                1.419390346396278e-14,
                5.987690358699043e-12,
                5.080337738262019e-13,
                7.275572979667476e-13,
                0.0,
                7.289290091113027e-13,
                1.2521070174350723e-12,
                5.246415985992832e-14,
                1.2761308525208802e-12,
                5.037832326590988e-14,
                4.9758928368831637e-14,
                4.0065836563271705e-12,
                2.010488540627062e-12,
                2.25365787551436e-12,
                2.253141944816204e-12,
                2.255092405560703e-12,
                2.784438023081777e-12,
                1.6053012643561805e-12,
                2.8221026536247165e-12,
                0.0,
                1.6033840707613348e-12,
                4.801636665406994e-11,
                3.8976195429488936e-11,
                4.2849295446602153e-11,
                3.994006858329746e-11,
                4.485787405981094e-12,
                4.973461026110915e-12,
                3.774735238729882e-12,
                5.015956836864837e-12,
                3.7682019684686624e-11,
                3.725927590106599e-11,
                2.463406664629908e-05,
                0.5896019099730435,
                0.0003490806161487482,
                0.0,
                1.8657597224204108,
                1.8784495259911785e-05,
                3.0001633317915695,
                0.008728518610131781,
                11.980641839334915,
                14.75978707805128
            ],
            "objective_values": {
                "1": 4741.775390625,
                "2": 4705.546875,
                "3": 4764.646484375,
                "4": 4999.724609375,
                "5": 5263.6044921875,
                "6": 5245.1357421875,
                "7": 5152.79296875,
                "8": 5055.771484375,
                "9": 4998.9033203125,
                "10": 4832.9560546875,
                "11": 4832.85009765625,
                "12": 4832.31494140625,
                "13": 4829.84765625,
                "14": 4828.91015625,
                "15": 4832.404296875,
                "16": 4848.2392578125,
                "17": 4850.0166015625,
                "18": 4851.8984375,
                "19": 4859.1484375,
                "20": 4862.25,
                "21": 4865.3193359375,
                "22": 4860.64697265625,
                "23": 4839.537109375,
                "24": 4842.4462890625,
                "25": 4846.44091796875,
                "26": 4860.7763671875,
                "27": 4862.369140625,
                "28": 4842.35595703125,
                "29": 4845.20947265625,
                "30": 4860.83642578125,
                "31": 4840.94970703125,
                "32": 4845.904296875,
                "33": 4844.63232421875,
                "34": 4835.1669921875,
                "35": 4839.455078125,
                "36": 4842.7529296875,
                "37": 4842.7451171875,
                "38": 4838.388671875,
                "39": 4838.681640625,
                "40": 4838.662109375,
                "41": 4838.63623046875,
                "42": 4838.73193359375,
                "43": 4838.7822265625,
                "44": 4838.705078125,
                "45": 4838.87353515625,
                "46": 4838.95263671875,
                "47": 4839.95166015625,
                "48": 4840.615234375,
                "49": 4840.736328125,