{
    "optimierung_id": 11,
    "opt_result": [
        {
            "optimal_value": 3822.017963527033,
            "optimal_schrott_list": [
                687.6026108618715,
                0.0,
                0.0,
                0.0,
                71.66232419613202,
                38.64663373921079,
                0.0,
                0.0,
                0.0,
                0.0,
                0.0,
                0.0,
                0.0,
                0.0,
                0.0,
                24.029001911165377
            ],
            "objective_values": {
                "1": 4137.85546875,
                "2": 4110.7578125,
                "3": 4110.48486328125,
                "4": 4111.7841796875,
                "5": 4111.78564453125,
                "6": 4111.78662109375,
                "7": 4111.78759765625,
                "8": 4111.791015625,
                "9": 4111.59326171875,
                "10": 4111.53564453125,
                "11": 4111.5927734375,
                "12": 4111.5927734375,
                "13": 4110.25927734375,
                "14": 4106.740234375,
                "15": 4068.87109375,
                "16": 4068.602783203125,
                "17": 4068.41357421875,
                "18": 4068.41357421875
            },
            "elapsed_time": 3.865330696105957
        }
    ]
}