{
    "optimierung_id": 3,
    "opt_result": [
        {
<<<<<<< HEAD
            "optimal_value": 3822.4446619430782,
            "optimal_schrott_list": [
                589.7237244211746,
                6.36938171909083,
                4.742069519972092,
                2.585299646752767e-14,
                8.664670149177924,
                22.0470400011979,
=======
            "optimal_value": 3727.435910957562,
            "optimal_schrott_list": [
                167.56651417707465,
>>>>>>> db70772e24128f24211189b22d9ca4bc48e849f1
                0.0,
                1.6682424076631037e-16,
                0.0,
                0.0,
                6.773494291801094e-17,
                1.110270796047535e-16,
                0.0,
                0.0,
<<<<<<< HEAD
                3.8635005511776277,
                16.708174212938673
            ],
            "objective_values": {
                "1": 3807.27587890625,
                "2": 3793.318115234375,
                "3": 3793.31787109375,
                "4": 3793.317138671875,
                "5": 3793.31298828125,
                "6": 3793.01708984375,
                "7": 3792.428466796875,
                "8": 3792.428466796875
            },
            "elapsed_time": 0.2741055488586426
=======
                0.0,
                144.32224441861734,
                0.0,
                0.0,
                0.0,
                0.0,
                0.0,
                0.0,
                0.0,
                0.0
            ],
            "objective_values": {
                "1": 3650.596923828125,
                "2": 3734.216552734375,
                "3": 3746.83740234375,
                "4": 3747.158935546875,
                "5": 3748.910888671875,
                "6": 3748.910888671875
            },
            "elapsed_time": 0.13616037368774414
>>>>>>> db70772e24128f24211189b22d9ca4bc48e849f1
        }
    ]
}