{
    "optimierung_id": 8,
    "opt_result": [
        {
            "optimal_value": 3669.3824997812503,
            "optimal_schrott_list": [
                86.96818900526847,
                0.0,
                0.0,
                0.0,
                0.0,
                0.0,
                0.0,
                106.59005647245067,
                0.0,
                0.0,
                0.0,
                0.0,
                0.0,
                0.0,
                0.0,
                0.0
            ],
            "objective_values": {
                "1": 3612.962890625,
                "2": 3698.53271484375,
                "3": 3699.9091796875,
                "4": 3700.181884765625,
                "5": 3700.181884765625
            },
            "elapsed_time": 0.0402529239654541
        }
    ]
}