{
    "optimierung_id": 6,
    "opt_result": [
        {
            "optimal_value": 4147.26233125327,
            "optimal_schrott_list": [
                116.29216448426357,
                0.9204723258972328,
                1.2974276351969574,
                0.32532999014727126,
                0.0007507780279458521,
                106.24210029767312,
                1.7276307498977908,
                0.0,
                134.37295617047084,
                104.70707490142469,
                1.0463890923418175e-12,
                1.0735382281778662e-12,
                1.0614242998432432e-12,
                1.055069169350133e-12,
                0.0,
                3.4326875315406615e-12,
                1.0523449741263504e-12,
                0.0,
                1.070592243775388e-12,
                1.114991714412577e-12,
                2.0078082946536715e-12,
                2.0128394328020287e-12,
                1.9766202887548365e-12,
                1.9815106640258345e-12,
                2.0125524374875763e-12,
                4.435116295517999e-12,
                1.9877354619677807e-12,
                0.0,
                1.9653464513975837e-12,
                1.9361673955711154e-12,
                0.13218650234354287,
                2.2005818098354433,
                6.872490069206586,
                3.3130887530364084,
                0.3228700428541888,
                9.80677869261254,
                14.26808055168046,
                6.6629572353314686,
                4.1902858190365375,
                14.288454369914371,
                0.0038719600867821963,
                2.09306000440561e-11,
                2.0922231852801142e-11,
                0.0038719598993467155,
                0.002437986806693394,
                7.321838683814937e-11,
                5.900787006635626e-05,
                7.394928036729427e-11,
                0.0008719198704240925,
                4.242619354641289e-13,
                0.49171008649233505,
                0.7983489709695829,
                1.6227760047666243e-10,
                0.0,
                9.579351374251613e-15,
                3.2912751029676547e-12,
                0.031267431921322565,
                9.774156445776895e-15,
                0.03126743209855314,
                29.61084432059729,
                5.520493246579906e-12,
                5.140814115650943e-12,
                5.510631130223235e-12,
                5.5008834789838075e-12,
                4.769929383575511e-12,
                8.976759020264372e-12,
                4.753840656986904e-12,
                5.0063797113695876e-12,
                6.675802983791806e-12,
                0.0,
                5.693624001469888,
                4.339567313329407,
                1.6437467321173194,
                2.5774828796699034,
                6.215271212886047,
                1.0580250594714012e-07,
                70.07651249485174,
                2.26009265509496,
                31.721678248068145,
                158.55290015753948,
                3.2352412816643896e-12,
                0.0,
                3.11530997942803e-12,
                3.1949371989361897e-12,
                3.1946686257596214e-12,
                7.324703182487303e-12,
                3.2369555119682644e-12,
                3.5089409957095296e-12,
                3.266373383773212e-12,
                3.0144971670672863e-12,
                8.307765532435774e-13,
                7.669634579687838e-13,
                0.016306925709081467,
                7.453982312783195e-13,
                8.165558088752919e-13,
                5.305095749743589e-12,
                0.0,
                1.0194240874404879e-12,
                7.442595321321654e-13,
                7.802741670697251e-13,
                2.3341376910662862e-11,
                2.160828653173085e-11,
                2.0784876661088948e-11,
                2.3904052936408225e-11,
                2.2273007349853027e-11,
                2.5302931868812175e-11,
                2.380904414731041e-11,
                2.2860023207907998e-11,
                2.2984780539032855e-11,
                2.4911090030371662e-11,
                7.417233148916591e-13,
                0.0,
                3.0743172666742957e-10,
                8.180664712543804e-13,
                8.179484802503412e-13,
                5.27891562034989e-12,
                7.067163218096258e-13,
                9.468877371577846e-13,
                7.47359414953868e-13,
                7.782792599079375e-13,
                2.6760886003471228e-12,
                2.903192590405833e-12,
                2.7597106027883456e-12,
                0.0,
                2.817960825778633e-12,
                6.9113258406106234e-12,
                2.8623160132480338e-12,
                2.918113723252091e-12,
                2.7451635109648017e-12,
                2.7156262638005186e-12,
                3.3300236595485296e-12,
                3.308189420328255e-12,
                3.2634760385912224e-12,
                3.2438394454286333e-12,
                3.3620581762072245e-12,
                6.7954414999332904e-12,
                3.4844858429129765e-12,
                3.579130201977191e-12,
                0.0,
                3.3907776219206688e-12,
                1.057259370494578e-11,
                1.1967759471689064e-11,
                1.0220201217395997e-11,
                1.1981761313175599e-11,
                8.239216075363198e-11,
                8.491382168303605e-11,
                8.07599067417571e-11,
                8.16163984095688e-11,
                9.26132943321356e-11,
                9.293498135698337e-11,
                2.003919735697423e-05,
                0.001234534348476905,
                0.16807617391182686,
                0.0,
                0.27657960611403026,
                8.128467427129716e-07,
                2.7300286660370623,
                1.0769467660264636,
                2.6231082770468297,
                7.705363076325212
            ],
            "objective_values": {
                "1": 4818.56201171875,
                "2": 5081.703125,
                "3": 5112.2060546875,
                "4": 5077.53564453125,
                "5": 5026.19091796875,
                "6": 4877.80859375,
                "7": 4877.84326171875,
                "8": 4878.00390625,
                "9": 4879.6884765625,
                "10": 4880.5888671875,
                "11": 4884.7138671875,
                "12": 4889.07568359375,
                "13": 4886.8828125,
                "14": 4886.8369140625,
                "15": 4887.927734375,
                "16": 4887.7939453125,
                "17": 4896.025390625,
                "18": 4892.541015625,
                "19": 4892.7470703125,
                "20": 4896.50830078125,
                "21": 4895.0537109375,
                "22": 4895.2080078125,
                "23": 4895.98779296875,
                "24": 4898.0537109375,
                "25": 4897.0498046875,
                "26": 4899.1162109375,
                "27": 4897.2509765625,
                "28": 4898.40234375,
                "29": 4897.83642578125,
                "30": 4898.49658203125,
                "31": 4899.14794921875,
                "32": 4887.4267578125,
                "33": 4864.5830078125,
                "34": 4848.73486328125,
                "35": 4837.619140625,
                "36": 4805.1953125,
                "37": 4781.04150390625,
                "38": 4776.58740234375,
                "39": 4771.591796875,
                "40": 4767.65625,
                "41": 4767.27197265625,
                "42": 4766.630859375,
                "43": 4766.0947265625,
                "44": 4764.8037109375,
                "45": 4741.48974609375,
                "46": 4717.9697265625,
                "47": 4678.1552734375,
                "48": 4661.47705078125,