{
    "optimierung_id": 4,
    "opt_result": [
        {
            "optimal_value": 3895.9617597896413,
            "optimal_schrott_list": [
                9.996034706763693,
                0.10870531576980169,
                2.5601928271123994e-09,
                0.9199387491783854,
                4.0370637125157645,
                0.002089389527527456,
                147.86632776708998,
                0.0,
                123.36636364479473,
                121.07759849691067,
                3.0109696907927055e-11,
                3.0964716624916985e-11,
                2.8024955893607372e-11,
                2.939545115316791e-11,
                0.0,
                2.6748471760277173e-11,
                2.6045434601224245e-11,
                0.0,
                2.6130113341078286e-11,
                2.6198136976526677e-11,
                2.751709831622233e-11,
                2.856932258212537e-11,
                2.5687867330692162e-11,
                2.742945397270069e-11,
                2.627329609900397e-11,
                2.470563579791438e-11,
                2.8211946167653355e-11,
                0.0,
                2.8271626101848954e-11,
                2.8209214048568072e-11,
                0.00020399127588164088,
                4.563683084850836,
                9.999091308458908,
                1.8808629537357837e-10,
                4.3991615205176795e-09,
                9.9977640902743,
                31.204243373490513,
                9.986011900905066,
                5.656627616887588e-09,
                32.29883898443446,
                1.2283819004407656e-11,
                1.3162964692322517e-11,
                1.032390640645158e-11,
                1.1888235932795003e-11,
                1.520788060458878e-11,
                1.3661520519462098e-11,
                1.7061721071640774e-11,
                1.5943108734507645e-11,
                2.4083227047256856e-10,
                1.820551028326038e-10,
                3.080111248150305e-08,
                0.14059623716032602,
                3.1264727948589405e-10,
                0.0,
                8.022399080818971e-11,
                9.088436384841512e-11,
                6.351990591076501e-12,
                3.2332511732797774e-12,
                6.4029242015617565e-12,
                30.406572236758073,
                4.201498805683369e-11,
                3.244263473694311e-11,
                5.5293420655234986e-11,
                4.7663660469109124e-11,
                4.637438405595752e-11,
                6.4018608971512e-11,
                3.475541777927321e-11,
                4.129339109581665e-11,
                3.9048673739361076e-11,
                0.0,
                3.4369973580691766e-07,
                1.844184134644862,
                2.2933561258519582e-05,
                2.1444283219712332,
                0.0010311651309472525,
                1.3761950973490575e-10,
                0.00025933533582621793,
                1.0953439185242483e-09,
                0.005435818081280146,
                293.00696861782797,
                2.950431685964731e-11,
                0.0,
                4.1794943555256065e-11,
                3.463302272912612e-11,
                4.0445023229280665e-11,
                4.9857454971012736e-11,
                2.8789879454986382e-11,
                3.598775653719806e-11,
                2.905360008266508e-11,
                2.6785221894881448e-11,
                1.245332229415381e-11,
                3.82893164212594e-09,
                4.093327430002945e-11,
                3.768540409659056e-09,
                6.674372435655527e-10,
                4.6166864896673497e-11,
                0.0,
                1.3571023504819388e-11,
                6.74475861354174e-12,
                6.970732207112795e-12,
                2.0932300894639588e-10,
                1.8623761193095556e-10,
                1.9991367005695177e-10,
                2.1824987420623467e-10,
                2.1014341136503726e-10,
                2.1465254268696374e-10,
                2.1561934375067674e-10,
                2.0851020294160074e-10,
                2.048595465737974e-10,
                2.148780149912785e-10,
                1.4622089898824665e-11,
                0.0,
                8.762953210991359e-11,
                4.536319703124186e-09,
                6.67285988778279e-10,
                1.3673295398984043e-11,
                6.283341745461312e-12,
                1.3123670723670495e-11,
                6.439608883841843e-12,
                6.951905646094829e-12,
                2.476535454998861e-11,
                6.436594033585591e-10,
                3.873501526361494e-11,
                0.0,
                3.6939867062692055e-11,
                4.59431248737975e-11,
                2.5401141621397544e-11,
                3.048264734122361e-11,
                2.4387528169572844e-11,
                2.4234202615929013e-11,
                8.807201980445717e-12,
                2.871074907745025e-12,
                2.4570079083561358e-11,
                1.6261490142618117e-11,
                2.3107598311647984e-11,
                3.387563517514699e-11,
                1.1253784331429484e-11,
                1.6512740271469457e-11,
                0.0,
                1.0203656689871697e-11,
                3.9204924517353376e-10,
                4.0105334815922365e-10,
                4.0410135764668826e-10,
                4.106716870166351e-10,
                1.3493444833224472e-10,
                1.2546770484373733e-10,
                1.0602354492298054e-10,
                1.2090385912137544e-10,
                1.6199037325538661e-10,
                1.6696598883950855e-10,
                5.651418017896194e-07,
                1.4589107273318223,
                1.864973258174419e-10,
                0.0,
                0.3197046282428446,
                2.7874482998524576e-10,
                1.3262006366485046e-09,
                5.959982616496248e-11,
                7.885164000287552e-05,
                13.919641692795878
            ],
            "objective_values": {
                "1": 4961.36376953125,
                "2": 5234.74755859375,
                "3": 5199.126953125,
                "4": 5158.7255859375,
                "5": 5138.48388671875,
                "6": 5042.10986328125,
                "7": 4996.5087890625,
                "8": 4884.96142578125,
                "9": 4875.013671875,
                "10": 4834.23046875,
                "11": 4630.9931640625,
                "12": 4533.07861328125,
                "13": 4394.78955078125,
                "14": 4363.8623046875,
                "15": 4363.6884765625,
                "16": 4363.03076171875,
                "17": 4361.27783203125,
                "18": 4360.9970703125,
                "19": 4367.248046875,
                "20": 4417.78173828125,
                "21": 4420.462890625,
                "22": 4438.091796875,
                "23": 4364.2880859375,
                "24": 4363.7861328125,
                "25": 4362.869140625,
                "26": 4380.47607421875,
                "27": 4412.3623046875,
                "28": 4362.10595703125,
                "29": 4361.689453125,
                "30": 4360.29931640625,
                "31": 4375.04052734375,
                "32": 4360.47802734375,
                "33": 4359.84765625,
                "34": 4366.4091796875,
                "35": 4360.4208984375,
                "36": 4359.67724609375,
                "37": 4359.4970703125,
                "38": 4360.68798828125,
                "39": 4361.67578125,
                "40": 4366.3818359375,
                "41": 4367.4921875,
                "42": 4369.78076171875,
                "43": 4362.73828125,
                "44": 4364.296875,
                "45": 4363.20458984375,
                "46": 4361.443359375,