{
    "optimierung_id": 8,
    "opt_result": [
        {
            "optimal_value": 3983.9417886521537,
            "optimal_schrott_list": [
                6.895863016919553,
                4.254685580629123,
                0.53904077238073,
                3.8298760085431853,
                7.2918389066251,
                2.2607865411638297,
                144.49357884732532,
                0.0,
                114.22252925260602,
                117.55811260876686,
                3.4768777261028234e-08,
                2.0748180938200307e-08,
                4.448070913085512e-08,
                2.59344265378424e-08,
                0.0,
                4.4773490235770937e-08,
                2.5176452132379297e-08,
                0.0,
                2.6034743098456332e-08,
                2.583548229615363e-08,
                0.0,
                0.0,
                0.0,
                0.0,
                1.3734479010537725e-09,
                0.0,
                0.0,
                0.0,
                0.0,
                0.0,
                0.0027282273362051967,
                0.5524850291288254,
                3.1529974851726275,
                0.9993659221400644,
                0.0,
                5.841841454465176,
                29.857519718467902,
                6.867592893116783,
                0.9989213137321494,
                29.621486938634803,
                2.0534986337880298e-08,
                6.852181115698727e-09,
                3.0330681148734925e-08,
                1.0820644118355802e-08,
                4.8842332471673786e-08,
                2.9621525081532582e-08,
                1.1355418565303296e-08,
                2.1087689665430162e-08,
                1.1652426317029438e-08,
                1.1504524626134924e-08,
                0.07726008152407571,
                4.762943067593284e-05,
                6.656001083626961e-09,
                0.0,
                2.5291806202415328e-08,
                6.739198643579414e-09,
                0.014437570747258682,
                0.0,
                0.014437581470549798,
                30.105636723096385,
                0.0,
                0.0,
                0.0,
                0.0,
                1.5263567969867297e-08,
                7.625960381968534e-11,
                0.0,
                0.0,
                0.0,
                0.0,
                0.0,
                4.599276080874404e-06,
                0.43844196579379735,
                0.13862293017715488,
                0.0,
                0.4384419453086176,
                59.07369209922914,
                0.7745382758779835,
                5.635186733225594,
                227.76303145717932,
                2.2956463186044662e-08,
                0.0,
                3.233226399440677e-08,
                1.3533109437749638e-08,
                5.121419099899763e-08,
                3.214420835913521e-08,
                1.3706622078743166e-08,
                2.3395416367783677e-08,
                1.3894180933500853e-08,
                1.2753120343831482e-08,
                1.2963739102184638e-08,
                0.0,
                2.257529048665642e-08,
                3.144043491187071e-09,
                4.1136822709693995e-08,
                2.2541034671000314e-08,
                0.0,
                1.2859758940062394e-08,
                3.166243145128645e-09,
                3.2274843475883014e-09,
                1.0838457853210171e-07,
                8.669203725272604e-08,
                1.0724467373799798e-07,
                1.0071993298812368e-07,
                1.3209648888822725e-07,
                1.1038365853607142e-07,
                1.0221839677219343e-07,
                1.0544121756029577e-07,
                9.76412887011491e-08,
                1.0219793038680707e-07,
                1.2696594596457825e-08,
                0.0,
                2.2104090887024254e-08,
                3.453033346483051e-09,
                4.113355708691245e-08,
                2.2412848406343564e-08,
                2.9862309697135886e-09,
                1.2532597231177524e-08,
                3.119620213174032e-09,
                3.320379599863518e-09,
                2.0887939217995508e-08,
                7.743033890730092e-09,
                3.0732446359241016e-08,
                0.0,
                4.9752551457089016e-08,
                3.026999935706867e-08,
                1.2114636457469665e-08,
                2.0864581031111243e-08,
                1.163575303418479e-08,
                1.1505159444681523e-08,
                0.0,
                0.0,
                0.0,
                0.0,
                1.5463000012886055e-08,
                0.0,
                0.0,
                0.0,
                0.0,
                0.0,
                4.5832102155021846e-07,
                4.5117231693583924e-07,
                4.662658801823103e-07,
                4.5571500037358634e-07,
                0.0,
                0.0,
                0.0,
                0.0,
                0.0,
                0.0,
                0.03330947361906536,
                6.892307589879965e-05,
                0.41355604758540654,
                0.0,
                0.0001366885880056401,
                0.4609943710583111,
                0.0035839389592806636,
                0.07136372620860684,
                3.962919080391369e-06,
                14.097144886917441
            ],
            "objective_values": {
                "1": 5082.060546875,
                "2": 5352.013671875,
                "3": 5317.4375,
                "4": 5277.8818359375,
                "5": 5257.77490234375,
                "6": 5161.9453125,
                "7": 5116.34423828125,
                "8": 5004.796875,
                "9": 4994.8486328125,
                "10": 4954.0654296875,
                "11": 4750.82861328125,
                "12": 4652.9140625,
                "13": 4514.625,
                "14": 4483.69775390625,
                "15": 4483.52392578125,
                "16": 4482.8662109375,
                "17": 4481.11328125,
                "18": 4480.8330078125,
                "19": 4487.08349609375,
                "20": 4536.4296875,
                "21": 4538.69580078125,
                "22": 4550.4443359375,
                "23": 4557.56689453125,
                "24": 4479.83642578125,
                "25": 4480.5068359375,
                "26": 4479.24462890625,
                "27": 4477.6455078125,
                "28": 4477.068359375,
                "29": 4477.03125,
                "30": 4476.919921875,
                "31": 4477.8837890625,
                "32": 4479.6767578125,
                "33": 4476.82373046875,
                "34": 4478.9345703125,
                "35": 4487.876953125,
                "36": 4489.87890625,
                "37": 4497.05322265625,
                "38": 4508.90478515625,
                "39": 4517.10009765625,
                "40": 4506.3173828125,
                "41": 4488.3037109375,
                "42": 4482.83447265625,
                "43": 4479.91796875,
                "44": 4479.4443359375,
                "45": 4479.03125,
                "46": 4478.330078125,
                "47": 4480.3359375,
                "48": 4480.923828125,
                "49": 4482.38427734375,
                "50": 4486.77685546875,
                "51": 4484.0146484375,
                "52": 4508.5234375,
                "53": 4515.4697265625,
                "54": 4522.42431640625,
                "55": 4539.9482421875,
                "56": 4575.01953125,
                "57": 4561.17822265625,
                "58": 4550.30908203125,
                "59": 4652.9765625,
                "60": 4727.0322265625,
                "61": 4747.16845703125,
                "62": 4748.576171875,
                "63": 4500.0908203125,
                "64": 4481.48583984375,