{
    "optimierung_id": 6,
    "opt_result": [
        {
            "optimal_value": 4297.827630287101,
            "optimal_schrott_list": [
                104.56684683122039,
                0.26331224860566754,
                0.004179562181450539,
                0.06454980428469442,
                4.933554485350803,
                103.0898610701292,
                38.7805588429969,
                0.0,
                114.37272311073156,
                99.80912448402492,
                6.272275956653753e-12,
                5.7038014082356905e-12,
                8.278056946258555e-10,
                6.027076781890723e-12,
                0.0,
                4.808772150178823e-12,
                5.915239278223381e-12,
                0.0,
                5.122702623753922e-12,
                5.288974228975081e-12,
                5.4350558925764096e-12,
                5.660201110098617e-12,
                8.432409478540628e-10,
                4.662627973867943e-12,
                5.1307427534755165e-12,
                4.536533016825826e-12,
                6.120876069914007e-12,
                0.0,
                5.6751603374439505e-12,
                4.850724643621889e-12,
                0.6378431921148704,
                2.7421704974499193,
                9.987257807446516,
                8.755447148119671e-12,
                8.748209020813606e-12,
                9.999774432234856,
                14.555684350860203,
                9.998240953511472,
                1.5624557803198596e-08,
                14.549351972579176,
                0.00039435988428260043,
                1.0257853614561226e-11,
                1.1138076130664376e-08,
                0.0004213012578751335,
                0.00011240311757845885,
                1.0165784953464406e-08,
                8.964350945302138e-11,
                9.324908564189719e-07,
                1.2394003870327213e-08,
                5.000816245854985e-11,
                0.016981491965044934,
                0.6865435488594835,
                8.482389361501334e-10,
                0.0,
                5.3428891579586496e-12,
                4.903227590465005e-12,
                5.0136510267723475e-12,
                9.912048225658325e-08,
                5.4472675447069576e-12,
                30.44135986740625,
                4.7696828509718553e-11,
                4.3977974981003216e-11,
                1.0279263568224058e-09,
                4.770116871261775e-11,
                4.033427048662578e-11,
                5.674994374345511e-11,
                4.032839269981826e-11,
                4.061085051738886e-11,
                4.773890678225104e-11,
                0.0,
                2.8663777790710947,
                6.292987738350036,
                0.007762136883820284,
                2.4071035456158976,
                0.07149540036254473,
                0.00011851765791707404,
                79.76213169005864,
                0.0016821518630808817,
                64.60006859098445,
                127.79305476919149,
                3.2454412647935093e-11,
                0.0,
                1.0117313081253982e-09,
                3.203307915571765e-11,
                3.207799818512961e-11,
                3.991723639742811e-11,
                3.240243612086485e-11,
                3.3001079100837554e-11,
                3.2719974841528605e-11,
                3.017879093373853e-11,
                8.199844366513225e-12,
                7.7931346848864e-12,
                9.89084964580104e-10,
                7.188716504649384e-12,
                8.529932112495183e-12,
                1.7223955229715674e-11,
                0.0,
                1.0839802290862921e-07,
                7.47794852295525e-12,
                7.9073772145873e-12,
                2.3536807107083537e-10,
                2.1615486296091773e-10,
                1.1873040163419432e-09,
                2.3708222127328463e-10,
                2.2338165020299957e-10,
                2.2472895875121704e-10,
                2.4034601174410806e-10,
                2.2727355102713462e-10,
                2.300544168387936e-10,
                2.4651407571025224e-10,
                7.44997055103312e-12,
                0.0,
                9.880652256775792e-10,
                8.198152576390415e-12,
                8.197536030178989e-12,
                1.684098069689773e-11,
                7.086286254455465e-12,
                1.155836282626824e-07,
                7.45350509143416e-12,
                7.825399889659085e-12,
                2.6785166985761334e-11,
                2.9120987579337293e-11,
                1.0081353988680647e-09,
                0.0,
                2.8375839019400912e-11,
                3.545209122269178e-11,
                2.857013998491331e-11,
                2.705294861675562e-11,
                2.761733750990969e-11,
                2.7210850398054166e-11,
                1.6938891947517373e-11,
                1.6410921597445353e-11,
                9.965919671716543e-10,
                1.5508260175812338e-11,
                1.6630120733618087e-11,
                2.5595246012745186e-11,
                1.7438777046966932e-11,
                1.619033614065726e-11,
                0.0,
                1.6302237585926466e-11,
                2.2374507874546887e-11,
                3.4605728252695224e-11,
                9.914812935752511e-10,
                3.40392261755045e-11,
                5.543382883374709e-11,
                4.528611946148215e-11,
                4.2839699833361595e-11,
                4.844054759114109e-11,
                3.7565259456198873e-11,
                4.1053254306709854e-11,
                0.0019384314920679858,
                0.014107804429237229,
                0.0001099575303694691,
                0.0,
                0.32143183949069487,
                0.0001159805259963633,
                0.0020627972785937183,
                2.6284806600199638e-05,
                0.002045530060174249,
                14.374669270709804
            ],
            "objective_values": {
                "1": 4945.90673828125,
                "2": 5211.09033203125,
                "3": 5242.3203125,
                "4": 5207.515625,
                "5": 5156.1708984375,
                "6": 5007.7880859375,
                "7": 5007.82275390625,
                "8": 5007.9375,
                "9": 5009.251953125,
                "10": 5010.0185546875,
                "11": 5013.6376953125,
                "12": 5017.8603515625,
                "13": 5015.6669921875,
                "14": 5015.62109375,
                "15": 5016.71142578125,
                "16": 5016.5,
                "17": 5025.822265625,
                "18": 5019.0556640625,
                "19": 5019.81396484375,
                "20": 5022.12646484375,
                "21": 5022.06494140625,
                "22": 5022.40234375,
                "23": 5023.45361328125,
                "24": 5024.05322265625,
                "25": 5024.33984375,
                "26": 5028.0341796875,
                "27": 5025.533203125,
                "28": 5025.18994140625,
                "29": 5020.03515625,
                "30": 5004.3642578125,
                "31": 4989.203125,
                "32": 4974.7080078125,
                "33": 4962.99755859375,
                "34": 4922.5986328125,
                "35": 4880.1708984375,
                "36": 4878.208984375,
                "37": 4875.9638671875,
                "38": 4874.9052734375,
                "39": 4870.31982421875,
                "40": 4865.04052734375,
                "41": 4864.3916015625,
                "42": 4863.12890625,
                "43": 4861.27783203125,
                "44": 4855.3251953125,
                "45": 4837.9599609375,
                "46": 4795.2314453125,
                "47": 4753.26171875,