{
    "optimierung_id": 6,
    "opt_result": [
        {
            "optimal_value": 4319.874607225507,
            "optimal_schrott_list": [
                0.0,
                75.27187399281748,
                74.0035793279246,
                75.2427170260864,
                78.1110744409399,
                0.0,
                73.6009159009374,
                0.0,
                86.67424166853718,
                84.62502410735486,
                4.517610271330755e-12,
                0.0,
                0.0,
                0.0,
                0.0,
                1.3803108233224198e-12,
                9.48485051350395e-13,
                0.0,
                0.0,
                7.874059070782716e-12,
                0.0,
                0.0,
                0.0,
                0.0,
                0.0,
                0.0,
                0.0,
                0.0,
                0.0,
                0.0,
                0.14640867915991987,
                0.14640867916824954,
                4.5033966601197335,
                0.0,
                0.0,
                27.981910902133343,
                0.0,
                3.9105279885524484,
                0.0,
                0.0,
                1.7336052074944357e-11,
                1.724378733742758e-11,
                0.0,
                2.2615084494480558e-11,
                1.81399464337941e-11,
                2.092456272134854e-11,
                1.723799257497124e-11,
                0.0,
                1.517636105964593e-11,
                1.471630892436993e-11,
                6.290495549642321,
                0.6900631668407411,
                0.0,
                0.0,
                1.8836217308138004e-12,
                7.004969521107185e-12,
                4.608050052645751e-12,
                0.0,
                3.4581261465493895e-12,
                22.567812622099954,
                0.0,
                0.0,
                0.0,
                0.0,
                0.0,
                0.0,
                0.0,
                0.0,
                0.0,
                0.0,
                70.50500891184271,
                7.183379371480663,
                4.21109763118657,
                8.683495348963836,
                3.4123329413202415,
                92.46829412023297,
                1.8920061892352352e-13,
                5.027726875955018,
                133.90425395935443,
                0.0,
                0.0,
                0.0,
                0.0,
                0.0,
                0.0,
                0.0,
                0.0,
                0.0,
                0.0,
                0.0,
                0.0,
                0.0,
                0.0,
                0.0,
                0.0,
                0.0,
                0.0,
                0.0,
                0.0,
                0.0,
                0.0,
                0.0,
                0.0,
                0.0,
                0.0,
                0.0,
                0.0,
                0.0,
                0.0,
                0.0,
                0.0,
                0.0,
                0.0,
                0.0,
                0.0,
                0.0,
                0.0,
                0.0,
                0.0,
                0.0,
                0.0,
                0.0,
                0.0,
                0.0,
                0.0,
                0.0,
                0.0,
                0.0,
                0.0,
                0.0,
                0.0,
                0.0,
                0.0,
                0.0,
                0.0,
                0.0,
                0.0,
                0.0,
                0.0,
                0.0,
                0.0,
                0.0,
                0.0,
                0.0,
                0.0,
                0.0,
                0.0,
                0.0,
                0.0,
                0.0,
                0.0,
                1.3988911067713827e-08,
                0.0,
                0.0,
                1.3385444841626515e-06,
                1.3076040379159104e-06,
                0.0,
                0.0,
                5.560773952579012,
                10.725554697882746
            ],
            "objective_values": {
                "1": 4835.57177734375,
                "2": 5471.494140625,
                "3": 5460.4365234375,
                "4": 5440.7412109375,
                "5": 5405.5048828125,
                "6": 5379.771484375,
                "7": 5361.7998046875,
                "8": 5369.24658203125,
                "9": 5359.048828125,
                "10": 5351.12109375,
                "11": 5339.2470703125,
                "12": 5311.1025390625,
                "13": 5328.0341796875,
                "14": 5322.22021484375,
                "15": 5314.97998046875,
                "16": 5306.388671875,
                "17": 5306.150390625,
                "18": 5308.7568359375,
                "19": 5305.998046875,
                "20": 5306.26171875,
                "21": 5305.701171875,
                "22": 5305.3037109375,
                "23": 5303.29736328125,
                "24": 5301.3662109375,
                "25": 5301.33203125,
                "26": 5301.15185546875,
                "27": 5300.6513671875,
                "28": 5298.71923828125,
                "29": 5299.2109375,
                "30": 5298.2412109375,
                "31": 5296.8935546875,
                "32": 5296.7978515625,
                "33": 5296.7978515625
            },
            "elapsed_time": 4.830003261566162
        }
    ]
}