{
    "optimierung_id": 7,
    "opt_result": [
        {
            "optimal_value": 3796.9274259228196,
            "optimal_schrott_list": [
                95.08024533543448,
                5.679925652530859e-07,
                2.06947285438268e-06,
                3.0522581143818675e-07,
                2.6424546128152216e-06,
                95.36884015136528,
                8.448009379804152e-07,
                0.0,
                114.59677475090224,
                95.69364229486509,
                5.201479668559293,
                5.200756076554236,
                4.4293098328546216e-08,
                9.935097802843896e-07,
                0.0,
                2.3727740695243878e-08,
                0.00014238015211123369,
                0.0,
                4.402795156941948e-07,
                4.4027951841699916e-07,
                3.688830966707815e-14,
                6.306095113675547e-15,
                5.995317849458027e-15,
                8.96869412059909e-13,
                1.6929713655366003e-13,
                1.0464206316249814e-13,
                6.116870744497086e-14,
                0.0,
                7.411536140688058e-13,
                7.263626602240601e-13,
                1.1869690108188808e-12,
                1.1997122075411851e-12,
                1.206648516297e-12,
                1.2768845882816456e-12,
                1.1562937044849792e-12,
                2.657501636590194e-07,
                1.4640492129332265e-12,
                1.1755348421153062e-12,
                1.4829407708091306e-12,
                1.4763127092113413e-12,
                4.532102573552107,
                5.958686349457562e-13,
                0.13471163727581695,
                9.538588138027242,
                0.8806080612013628,
                9.999910806488053,
                1.647120916131074e-06,
                4.415986594987221,
                15.360883255339301,
                7.4026059197015585e-06,
                0.26611805853922127,
                1.9586705843422247,
                4.785917874954051e-14,
                0.0,
                1.5500255800631468e-13,
                2.346701472355313e-14,
                5.5001294677697075e-14,
                3.049103336321184e-12,
                7.872970662298268e-14,
                19.829431418977393,
                5.660168688988737e-14,
                5.667327098266978e-14,
                6.238077973373413e-14,
                1.0214165954153415e-13,
                1.1268970550023617e-14,
                5.194722834296224e-14,
                8.303114296006275e-14,
                1.4739841824744007e-14,
                1.1160924962798829e-13,
                0.0,
                9.833060451806173e-13,
                6.619707497443323e-09,
                9.759927193612545e-13,
                1.0166193600738861e-12,
                9.692439621772754e-13,
                9.68362812602753e-13,
                1.0603093421692582e-12,
                9.693180661101032e-13,
                1.072686248044352e-12,
                1.0733697051062985e-12,
                1.889864534602426e-14,
                0.0,
                2.262730586901083e-14,
                6.252724898077662e-14,
                4.821583305708232e-15,
                9.258035325447803e-15,
                6.236360628842055e-14,
                5.027538130091997e-15,
                7.698222610258923e-14,
                6.829521194387488e-14,
                2.443796022065339e-15,
                2.025829798674758e-15,
                2.207882961971402e-15,
                6.99269095143617e-13,
                2.5729117431192975e-15,
                2.6113400374453062e-15,
                0.0,
                1.656018542951322e-13,
                1.6622577451969645e-14,
                1.805232217114176e-14,
                4.785946808390254e-13,
                4.57112085617295e-13,
                4.3042831600203977e-13,
                5.42234369186995e-13,
                4.2813096630988926e-13,
                4.347171196291658e-13,
                5.627384730025928e-13,
                4.4158679280652403e-13,
                5.250300026280413e-13,
                5.546275469030816e-13,
                2.3822820932695415e-15,
                0.0,
                1.8399304682032835e-15,
                7.107226448370546e-13,
                2.9642440861103745e-15,
                2.6821927812037767e-15,
                4.3741130990449985e-15,
                1.8365461019951627e-13,
                1.873551180331672e-14,
                1.8381751028360045e-14,
                5.892531608303332e-15,
                2.0288196608647847e-14,
                1.480876316678823e-14,
                0.0,
                4.832610526855614e-15,
                3.703875206589312e-15,
                5.553248716945671e-14,
                4.6632684612916186e-15,
                6.384766652335634e-14,
                6.211950046734959e-14,
                1.3171603085322612e-14,
                1.2848986880380653e-14,
                1.277759702807328e-14,
                8.297504198284166e-13,
                1.4000716759479124e-14,
                1.3522026857105281e-14,
                2.976612809814991e-14,
                8.661770770825741e-14,
                0.0,
                3.9158325101327194e-14,
                2.092943407537148e-12,
                3.5608924312649627e-13,
                8.173839446835649,
                4.1009376486624155e-13,
                4.0568553622060086e-13,
                4.848507003351737e-07,
                4.77621996782162e-13,
                4.06728756722618e-13,
                2.828484136888403e-07,
                3.0585441412319053e-12,
                7.867475923423506e-08,
                1.6736285941992725e-06,
                2.157999764052339e-07,
                0.0,
                8.861213883696733e-07,
                9.720655847969403e-07,
                6.716145912175898e-13,
                2.9503435021850806e-09,
                2.9539371690671097e-09,
                15.95315212473361
            ],
            "objective_values": {
                "1": 4832.2763671875,
                "2": 4813.32275390625,
                "3": 4792.7314453125,
                "4": 4760.25439453125,
                "5": 4728.9150390625,
                "6": 4717.736328125,
                "7": 4717.380859375,
                "8": 4716.94873046875,
                "9": 4716.3994140625,
                "10": 4716.28173828125,
                "11": 4716.0126953125,
                "12": 4716.92578125,
                "13": 4717.2587890625,
                "14": 4716.7490234375,
                "15": 4714.640625,
                "16": 4714.5947265625,
                "17": 4714.509765625,
                "18": 4714.21923828125,
                "19": 4714.1640625,
                "20": 4714.05859375,
                "21": 4714.0302734375,
                "22": 4713.8994140625,
                "23": 4713.6455078125,
                "24": 4713.7158203125,
                "25": 4714.01171875,
                "26": 4714.1171875,
                "27": 4714.248046875,
                "28": 4713.1767578125,
                "29": 4713.10009765625,
                "30": 4712.98046875,
                "31": 4712.8720703125,
                "32": 4710.40673828125,
                "33": 4708.140625,
                "34": 4698.3369140625,
                "35": 4708.59814453125,
                "36": 4601.01171875,
                "37": 4496.53515625,
                "38": 4399.36572265625,
                "39": 4339.11669921875,
                "40": 4321.865234375,
                "41": 4308.42138671875,
                "42": 4307.48876953125,
                "43": 4306.91064453125,
                "44": 4306.79638671875,
                "45": 4306.61279296875,
                "46": 4306.4716796875,
                "47": 4306.18359375,