{
    "optimierung_id": 8,
    "opt_result": [
        {
            "optimal_value": 3834.0441062915065,
            "optimal_schrott_list": [
                0.0,
                1.9340701111666503,
                81.18892744702123,
                62.77352398825202,
                123.74148596876621,
                0.0,
                1.5518400473196232,
                0.0,
                0.0,
                0.2493753512642784,
                0.0,
                0.0,
                4.572336246059204e-11,
                0.0,
                0.0,
                1.2921240713135128e-10,
                0.0,
                0.0,
                0.0,
                0.0,
                1.4429262125414954e-10,
                5.403245819518565e-11,
                1.781776341053254e-10,
                1.1987055445472627e-10,
                2.328472050588948e-10,
                1.938326179250216e-10,
                2.1721385627671008e-10,
                0.0,
                1.544750703220965e-10,
                1.883542497319035e-10,
                4.361567207530545e-08,
                7.672439838839196e-09,
                5.865541866001849,
                0.0,
                2.4600051063035366e-09,
                9.935662327578012,
                0.0,
                4.8979028788211725,
                0.0,
                6.446529787662754e-07,
                5.696825523658243e-10,
                1.7076819855920116e-10,
                3.0137665793679696e-10,
                2.494781229880503e-10,
                4.36216173785016e-10,
                6.971076770643917e-10,
                4.1309957660688604e-10,
                8.933638966733396e-10,
                1.0580820160259311e-09,
                5.616894826113009e-10,
                9.88031927004063,
                4.05524280724125,
                1.039041833692314e-08,
                0.0,
                1.2175539924625528e-07,
                2.1490834216375543e-09,
                6.938440519450514e-07,
                3.3467489690078983e-07,
                0.0,
                2.212949077600049,
                3.0319760062542424e-11,
                0.0,
                6.577711360920108e-11,
                7.1931216120605474e-12,
                1.1068333764946978e-10,
                7.369039055955156e-11,
                9.321755683063774e-11,
                4.6398215596950786e-11,
                3.6754957487866616e-11,
                0.0,
                0.0,
                3.368894913068412,
                3.725918645813173,
                9.896763628251176,
                1.991500269114989e-05,
                1.125992539257692e-06,
                0.0,
                163.59464957416114,
                5.535858488858758e-07,
                0.0,
                2.32476740684965e-11,
                0.0,
                5.7153286811723503e-11,
                2.2899251024795745e-07,
                1.1095129926972856e-10,
                6.875348920468919e-11,
                9.332386882717627e-11,
                4.687936129060547e-11,
                3.093146321767869e-11,
                6.208727232550271e-11,
                6.858585687715659e-09,
                1.2913244901491944e-08,
                0.0,
                5.8385519090426355e-09,
                9.268855771711589e-11,
                5.085463724104555e-11,
                0.0,
                3.789078513172086e-11,
                0.0,
                0.0,
                1.8186603027056608e-10,
                7.634104031893016e-11,
                1.9749914947317604e-10,
                1.616501007756616e-10,
                2.623016960087924e-10,
                2.1480619795537794e-10,
                2.5917103762373166e-10,
                2.009439164248401e-10,
                1.8712029683190147e-10,
                2.2974286108595065e-10,
                7.519911389555189e-09,
                0.0,
                0.0,
                4.067564807939271e-08,
                9.225271886581625e-11,
                5.056019258016158e-11,
                7.336173392216603e-11,
                4.689106688623951e-11,
                0.0,
                0.0,
                1.8636918765339424e-11,
                0.0,
                5.457816198571016e-11,
                0.0,
                1.083067476763106e-10,
                6.530834202896019e-11,
                9.041718814653845e-11,
                4.2478446629970977e-11,
                2.680107917186558e-11,
                5.964697809434488e-11,
                2.0243772519304253e-11,
                0.0,
                6.908525398345404e-11,
                9.970914651119371e-12,
                1.2278956635649284e-10,
                8.100899722622394e-11,
                1.0334642442223849e-10,
                5.565149399254163e-11,
                0.0,
                7.307155585906805e-11,
                6.559933756004324e-10,
                5.731605199000211e-10,
                6.864481807820509e-10,
                6.424759407618703e-10,
                0.0,
                0.0,
                0.0,
                0.0,
                0.0,
                0.0,
                0.0,
                0.6350497615132484,
                2.0466577292438046e-05,
                0.0,
                0.5061350511156378,
                0.0,
                0.0,
                0.0,
                7.792589120881634e-05,
                7.3679340572468215
            ],
            "objective_values": {
                "1": 4739.197265625,
                "2": 4946.765625,
                "3": 4934.25537109375,
                "4": 4907.94580078125,
                "5": 4851.01416015625,
                "6": 4831.22900390625,
                "7": 4809.17724609375,
                "8": 4786.53857421875,
                "9": 4771.294921875,
                "10": 4737.984375,
                "11": 4768.3330078125,
                "12": 4746.736328125,
                "13": 4749.8662109375,
                "14": 4733.7529296875,
                "15": 4731.67724609375,
                "16": 4721.146484375,
                "17": 4746.8125,
                "18": 4725.3388671875,
                "19": 4748.45703125,
                "20": 4724.21142578125,
                "21": 4773.677734375,
                "22": 4708.10400390625,
                "23": 4703.98779296875,
                "24": 4696.13525390625,
                "25": 4690.80810546875,
                "26": 4684.146484375,
                "27": 4686.78076171875,
                "28": 4683.7275390625,
                "29": 4685.51318359375,
                "30": 4683.451171875,
                "31": 4683.4404296875,
                "32": 4683.31396484375,
                "33": 4684.208984375,
                "34": 4683.1494140625,
                "35": 4683.111328125,
                "36": 4682.99609375,
                "37": 4682.91796875,
                "38": 4682.78662109375,
                "39": 4682.87255859375,
                "40": 4682.6015625,
                "41": 4682.62890625,
                "42": 4682.51611328125,
                "43": 4682.646484375,
                "44": 4682.53076171875,
                "45": 4682.4580078125,
                "46": 4682.4990234375,
                "47": 4682.39599609375,
                "48": 4682.5205078125,
                "49": 4682.337890625,
                "50": 4682.33544921875,
                "51": 4682.32666015625,
                "52": 4682.31982421875,
                "53": 4682.3134765625,
                "54": 4682.27490234375,
                "55": 4682.2177734375,
                "56": 4682.20947265625,
                "57": 4682.201171875,
                "58": 4682.18603515625,
                "59": 4676.43359375,
                "60": 4649.73046875,
                "61": 4605.23388671875,
                "62": 4583.876953125,
                "63": 4581.5751953125,