{
    "optimierung_id": 1,
    "opt_result": [
        {
            "optimal_value": 3888.742639140383,
            "optimal_schrott_list": [
                5.202408471412462,
                3.0991075919055313,
                3.084977404216286,
                53.83604737683674,
                55.62320356087972,
                5.183178359043984,
                55.1129690995858,
                0.0,
                57.69555334544259,
                57.1727220556427,
                6.576169498038612e-11,
                1.155479775783087e-10,
                6.592056137938172e-11,
                6.87240873118719e-11,
                0.0,
                6.569085181180507e-11,
                2.5179700243203212e-11,
                0.0,
                2.5775557886828123e-11,
                2.548190854003784e-11,
                1.0370860566864983e-11,
                4.877152408498449e-11,
                1.0276876249307746e-11,
                3.982460686497253e-11,
                2.566363199518531e-11,
                1.0209835721132023e-11,
                1.4973804355441004e-13,
                0.0,
                7.061132254983974e-14,
                1.6136870666972735e-13,
                0.09486860894020875,
                0.018596053313569637,
                1.7927948177042554,
                0.4570995706737675,
                2.0587574626681807e-10,
                4.4022279788393135,
                0.17759972882880462,
                14.830858416582846,
                1.612361436065183e-10,
                0.17759972777309632,
                6.795779346222648e-05,
                3.6309346616705234e-07,
                1.769374135869856e-07,
                1.0958033805940424,
                0.01532471014358372,
                0.004758334055261689,
                3.1795628276972026,
                17.309813895904774,
                3.6570538180352146,
                2.7376123534658054,
                0.1258503878123697,
                0.17432188363866685,
                2.257371432395477e-10,
                0.0,
                1.8930360130409112e-10,
                2.2577228858996394e-10,
                4.8513431299344276e-12,
                15.03994709757159,
                4.893901919342796e-12,
                6.659293082885774,
                1.4428364603808407e-12,
                3.5063558413436385e-11,
                1.4711064863322508e-12,
                7.647091116631323e-12,
                1.917071612460303e-12,
                1.4109058347806006e-12,
                1.941072258286461e-12,
                3.149660584689889e-11,
                2.032336874774961e-12,
                0.0,
                0.00016298957960171717,
                0.8818577409904602,
                0.2655983534481593,
                1.5786746631755022,
                0.015775075892470715,
                0.26560292035823985,
                43.58720947781971,
                58.84290885092998,
                43.05572395077633,
                45.17510631160366,
                1.1837208793918606e-12,
                0.0,
                1.172227882578725e-12,
                2.337989525490943e-12,
                3.2410605419685692e-12,
                1.1636222447579983e-12,
                1.7908533623891117e-12,
                3.257326812813161e-11,
                1.8009251882806734e-12,
                1.7601907431044825e-12,
                9.697437459845915e-12,
                3.268120742323363e-11,
                9.701404906328996e-12,
                9.652775618299874e-11,
                1.8012659753316976e-12,
                9.719385853032238e-12,
                0.0,
                1.3436256186599772e-11,
                1.3276248339060128e-12,
                1.4118832482014295e-12,
                4.371040433167622e-12,
                4.6087525520058156e-11,
                4.031774550187548e-12,
                3.1255582661238636e-11,
                1.7418170467912853e-11,
                4.231712377228303e-12,
                7.779951893712334e-12,
                5.313649618550654e-11,
                7.07318646032935e-12,
                8.073764012688018e-12,
                1.0877429965879293e-11,
                0.0,
                1.1459386497277281e-11,
                9.177474368558039e-11,
                1.804800434591657e-12,
                1.0292394128503364e-11,
                1.3786219596602683e-12,
                1.4337125417575273e-11,
                1.3870281872707712e-12,
                1.3800571675826125e-12,
                1.0893439203019707e-12,
                3.4034761221643226e-11,
                1.1041141995983233e-12,
                0.0,
                3.020692987411445e-12,
                1.0939456775864758e-12,
                1.728805939392024e-12,
                3.2324071525631955e-11,
                1.7165015888915748e-12,
                1.7010627981144182e-12,
                9.035085040864453e-13,
                3.2889999528355433e-11,
                8.952732014444707e-13,
                6.094117911984898e-12,
                5.974202406323298e-13,
                8.981272867227156e-13,
                1.5228772422302346e-12,
                2.955076825075789e-11,
                0.0,
                1.4958853325390904e-12,
                3.636962746599314e-11,
                8.847089145413232e-11,
                3.6150495886033015e-11,
                5.999883740744192e-11,
                1.8534510149161742e-10,
                1.7479280188887614e-10,
                1.8617184196969412e-10,
                2.1112076984020104e-10,
                3.800458881380363e-12,
                3.895470421523937e-12,
                0.0002921341802312797,
                0.0001778878165022404,
                8.879741971975268e-06,
                0.0,
                0.002401790306946035,
                0.00019015236307213672,
                6.848942080636386e-07,
                9.877452133784274,
                1.0549277928185547e-05,
                0.15340704544413233
            ],
            "objective_values": {
                "1": 4548.5439453125,
                "2": 4817.904296875,
                "3": 4737.6875,
                "4": 4618.61279296875,
                "5": 4511.09423828125,
                "6": 4439.2978515625,
                "7": 4376.4033203125,
                "8": 4376.228515625,
                "9": 4376.8134765625,
                "10": 4377.74755859375,
                "11": 4379.458984375,
                "12": 4381.29248046875,
                "13": 4394.8330078125,
                "14": 4407.060546875,
                "15": 4411.52099609375,
                "16": 4417.32861328125,
                "17": 4420.57666015625,
                "18": 4422.22998046875,
                "19": 4425.03076171875,
                "20": 4425.7802734375,
                "21": 4419.40185546875,
                "22": 4418.5654296875,
                "23": 4387.212890625,
                "24": 4389.7880859375,
                "25": 4391.82958984375,
                "26": 4396.41552734375,
                "27": 4392.17138671875,
                "28": 4388.779296875,
                "29": 4393.6474609375,
                "30": 4402.60009765625,
                "31": 4387.630859375,
                "32": 4388.619140625,
                "33": 4391.74169921875,
                "34": 4387.72021484375,
                "35": 4393.59423828125,
                "36": 4387.10009765625,
                "37": 4388.10498046875,
                "38": 4396.69384765625,
                "39": 4396.7802734375,
                "40": 4386.904296875,
                "41": 4387.58984375,
                "42": 4392.06640625,
                "43": 4395.36669921875,
                "44": 4387.11767578125,
                "45": 4387.73974609375,
                "46": 4387.49755859375,
                "47": 4392.94482421875,