{
    "optimierung_id": 3,
    "opt_result": [
        {
            "optimal_value": 4219.213762305357,
            "optimal_schrott_list": [
                0.8450407296089004,
                0.03054296946600313,
                0.030432337979653383,
                0.030542969466206778,
                0.035678073690502514,
                0.880681922570126,
                115.51993077153114,
                0.0,
                122.67205344695051,
                121.23112374687994,
                1.761582769102695e-11,
                1.7907665382036767e-11,
                1.7714896071502276e-11,
                1.7620163369334867e-11,
                0.0,
                1.7443304384098026e-11,
                6.892482779259572e-11,
                0.0,
                6.723889885390349e-11,
                6.797042504837311e-11,
                4.392417810931574e-12,
                4.033148085063382e-12,
                4.334850685232754e-12,
                4.670129442580355e-12,
                4.5271357248264476e-12,
                4.542815377197661e-12,
                4.3776020866080044e-13,
                0.0,
                6.949418945003165e-13,
                7.607871153666541e-13,
                8.2587383523204e-09,
                8.258441874165759e-09,
                1.7057017999416744,
                8.097293773154301e-11,
                8.093055718958206e-11,
                5.822480970237503,
                5.064321359274336,
                1.7340292612670258,
                9.285046627064717e-11,
                5.064321096477468,
                1.094473952216511,
                0.021588759336881244,
                0.35265007159729883,
                1.0944994024129269,
                0.37398056919823985,
                1.1158474297592806,
                20.747663304727965,
                0.40230518478741645,
                22.219129099848068,
                19.33983078745755,
                3.3847177092015692,
                3.384717709201854,
                7.974693557596196e-11,
                0.0,
                7.977047207037637e-11,
                7.979360801518417e-11,
                2.0924258454069846e-12,
                6.28464228511355e-11,
                2.0953920613342307e-12,
                26.020916331783944,
                3.649137484455694e-12,
                3.631377075587534e-12,
                3.649727797497508e-12,
                3.650642956060178e-12,
                3.334740575204574e-12,
                3.3707857865282227e-12,
                1.2382178202350865e-13,
                2.020795803873519e-13,
                1.4278878425988298e-13,
                0.0,
                1.7186391517396942,
                3.40537962217838,
                2.180669295907497,
                2.1806692959076965,
                1.750233035804597,
                2.180669295908034,
                110.97554477284368,
                3.3121218228668643,
                109.53748039692009,
                0.887903715910265,
                4.43724185122768e-12,
                0.0,
                4.432026743368668e-12,
                4.435395484132697e-12,
                4.4353479446878664e-12,
                4.430290188147401e-12,
                1.73387066114573e-13,
                2.1297779824947742e-13,
                1.7531306729197383e-13,
                1.6148860509967243e-13,
                4.322444581074693e-12,
                4.31892523469467e-12,
                4.322519280151648e-12,
                4.318985352482223e-12,
                4.322362696889989e-12,
                4.322476828165252e-12,
                0.0,
                3.1716364700050665e-13,
                3.996076296744604e-14,
                4.192928753413811e-14,
                5.396053325650205e-12,
                5.308906717579793e-12,
                5.27286568775643e-12,
                5.411918890712193e-12,
                5.345186936047211e-12,
                5.30722632995379e-12,
                1.299711050818625e-12,
                5.268251724444926e-13,
                1.2338705618792175e-12,
                1.306529219798833e-12,
                4.318850654615949e-12,
                0.0,
                4.31707335014701e-12,
                4.322512428331463e-12,
                4.322518519930835e-12,
                4.3207214594641674e-12,
                3.790191265826617e-14,
                3.237813041158577e-13,
                3.992252915276911e-14,
                4.186958354151874e-14,
                4.410669981433327e-12,
                4.421146225243794e-12,
                4.414279642022949e-12,
                0.0,
                4.417612954427035e-12,
                4.4090767558637955e-12,
                1.535229553228686e-13,
                2.2231290045628578e-13,
                1.474842707652601e-13,
                1.4547656022585115e-13,
                2.9138065154503154e-12,
                2.91197604466628e-12,
                1.844283884481381e-12,
                1.842162338472499e-12,
                1.8488413383021253e-12,
                1.847128576076692e-12,
                5.1288600269919665e-14,
                2.7279251639174037e-13,
                0.0,
                4.7986640616696466e-14,
                1.8236703622872618e-12,
                1.8993516495446465e-12,
                1.8004085434723112e-12,
                1.903300197750723e-12,
                9.583868662618273e-12,
                9.540383012832502e-12,
                8.97465076099061e-12,
                7.301416972293917e-12,
                5.446618268860942e-13,
                5.55562559952607e-13,
                0.0010049080130044696,
                0.0019106399442607221,
                0.00019933929866071542,
                0.0,
                0.00030317100218737824,
                0.00030317100217643576,
                0.10072681705468932,
                0.24858698994209674,
                4.307117934648227,
                7.1863771992749825
            ],
            "objective_values": {
                "1": 5054.453125,
                "2": 5051.83544921875,
                "3": 5143.45263671875,
                "4": 5302.22265625,
                "5": 5290.52197265625,
                "6": 5232.0205078125,
                "7": 4978.91015625,
                "8": 4965.81787109375,
                "9": 4925.87939453125,
                "10": 4729.47509765625,
                "11": 4522.3359375,
                "12": 4522.2275390625,
                "13": 4521.6875,
                "14": 4519.56640625,
                "15": 4519.439453125,
                "16": 4518.9775390625,
                "17": 4528.078125,
                "18": 4647.08740234375,
                "19": 4641.06884765625,
                "20": 4640.83251953125,
                "21": 4648.080078125,
                "22": 4652.87890625,
                "23": 4653.27197265625,
                "24": 4550.19580078125,
                "25": 4629.736328125,
                "26": 4637.17333984375,
                "27": 4639.02880859375,
                "28": 4638.95166015625,
                "29": 4586.64990234375,
                "30": 4548.4365234375,
                "31": 4524.86962890625,
                "32": 4559.9033203125,
                "33": 4559.56103515625,
                "34": 4560.076171875,
                "35": 4558.26708984375,
                "36": 4572.0458984375,
                "37": 4535.1533203125,
                "38": 4555.35693359375,
                "39": 4524.00341796875,
                "40": 4536.3623046875,
                "41": 4546.2392578125,
                "42": 4547.76806640625,
                "43": 4549.0283203125,
                "44": 4553.62255859375,
                "45": 4555.2412109375,
                "46": 4518.74853515625
            },
            "elapsed_time": 40.45098662376404
        }
    ]
}