{
    "optimierung_id": 12,
    "opt_result": [
        {
            "optimal_value": 3824.069409888177,
            "optimal_schrott_list": [
                6.54367073147662,
                2.0829819877049007,
                6.5803283206791585,
                7.255878690505741,
                4.346716420688014,
                1.8868139718359576,
                78.25178986366771,
                0.0,
                83.00084478938153,
                81.54953492030258,
                1.1440217805368363e-15,
                5.381411377625273e-13,
                3.045507132411906e-14,
                2.2225284098060596e-13,
                0.0,
                1.0740553266871157e-14,
                9.60679287226547e-12,
                0.0,
                1.1286776285812178e-11,
                1.1363571016191909e-11,
                1.0539238196864046e-12,
                6.461396200012641e-16,
                4.935260876095095e-16,
                9.25159855349536e-14,
                9.965707223814187e-13,
                2.2153456698949581e-13,
                1.0535745590156876e-13,
                0.0,
                9.021098551086267e-14,
                9.422216301001957e-14,
                1.1252527340059373e-11,
                1.5411442960114544e-09,
                1.4087633851069248,
                3.2202366211172914e-12,
                3.0264988138646106e-11,
                8.11040935271418,
                2.955781487273446e-11,
                2.8572215177118747,
                9.704698542770145e-10,
                2.955912564711096e-11,
                0.3855813081575909,
                7.08796719779283e-08,
                1.9104214344079566,
                2.721106532038729,
                1.7158353102983768,
                0.0027086430814384508,
                37.83058000278294,
                1.4820410551161034,
                41.61269188099233,
                37.0575243325694,
                3.0689143884909735,
                7.568717521741042,
                2.527737813039634e-11,
                0.0,
                2.6851100442423804e-11,
                3.472161688419266e-11,
                1.1573309222169814e-10,
                4.734497804376011e-11,
                1.1575417420852207e-10,
                31.490817255134207,
                2.25871371995185e-13,
                2.703439632992912e-13,
                2.9943766421905635e-13,
                4.1440931971887105e-13,
                1.9173250278194314e-13,
                3.0379806087072765e-13,
                3.769490685728005e-13,
                4.3565145902405055e-13,
                4.340657821905314e-13,
                0.0,
                1.3013897145192432e-06,
                0.12640954281239333,
                0.08262695622405283,
                0.0008937320261570256,
                3.8504623550965625e-07,
                3.1275951861041894e-11,
                76.81903638021012,
                5.21428172842432,
                79.28501771046581,
                84.22675056451102,
                8.684591146600177e-14,
                0.0,
                1.5286192609762517e-13,
                2.722412375677185e-13,
                8.99185534681991e-14,
                1.2876672601045162e-13,
                2.780293337603948e-13,
                3.4058204000405107e-13,
                2.8102693851328834e-13,
                2.590064692857043e-13,
                2.2783257694184817e-12,
                6.232307503879187e-13,
                9.195130601077764e-13,
                1.953549812027995e-12,
                2.458558010673441e-12,
                1.613575284208885e-12,
                0.0,
                1.901567606474407e-11,
                6.409403791128689e-14,
                6.755649200998223e-14,
                1.822711132961741e-12,
                1.7415697447104283e-12,
                1.6721550209197252e-12,
                2.0413431435728354e-12,
                1.7330249448774709e-12,
                1.7191879389306388e-12,
                2.0754661957669554e-12,
                2.0082312270805698e-12,
                1.9806170096975424e-12,
                2.075407311946379e-12,
                2.350586237413666e-12,
                0.0,
                1.1019652236791768e-12,
                4.1365815761741536e-15,
                2.510973450164722e-12,
                1.832825801601291e-12,
                6.074641364151435e-14,
                2.4156052090076873e-11,
                6.392291474045312e-14,
                6.71396173867212e-14,
                3.769556306164707e-14,
                1.3700578068140226e-13,
                1.1955951374914304e-13,
                0.0,
                5.808765756015114e-14,
                9.069836108072383e-14,
                2.4622036548530194e-13,
                3.0391836702105166e-13,
                2.3602807869749603e-13,
                2.3292754666803985e-13,
                1.1626764388625262e-12,
                8.523395571740086e-17,
                3.1701793234533734e-13,
                8.507943257809327e-14,
                1.785557129576545e-12,
                8.766402398143946e-13,
                1.4921220723829823e-13,
                1.9620086241448496e-13,
                0.0,
                1.403550464534991e-13,
                3.236069116747806e-12,
                3.429439708698683e-12,
                3.265933328698308e-12,
                3.5432606945749032e-12,
                1.444163072233256e-12,
                1.308426944599979e-12,
                1.469930811590462e-12,
                1.5902322696230016e-12,
                2.024923174899472e-12,
                2.0548415825355385e-12,
                2.0009036579997165e-07,
                0.00022007681923213177,
                0.014780906401198467,
                0.0,
                1.0835103994102886e-12,
                6.236226337967514e-12,
                3.0541439041208653e-07,
                0.00027562874673176625,
                3.744228196860374,
                8.566999995275946
            ],
            "objective_values": {
                "1": 4904.1376953125,
                "2": 4584.3447265625,
                "3": 4542.56494140625,
                "4": 4472.00439453125,
                "5": 4440.06201171875,
                "6": 4384.1650390625,
                "7": 4357.12353515625,
                "8": 4317.0126953125,
                "9": 4316.7685546875,
                "10": 4315.9140625,
                "11": 4315.5244140625,
                "12": 4321.10205078125,
                "13": 4329.63427734375,
                "14": 4330.63232421875,
                "15": 4323.77685546875,
                "16": 4327.212890625,
                "17": 4332.3291015625,
                "18": 4324.4599609375,
                "19": 4315.39306640625,
                "20": 4321.21044921875,
                "21": 4327.8408203125,
                "22": 4328.5595703125,
                "23": 4318.0615234375,
                "24": 4321.98583984375,
                "25": 4326.6474609375,
                "26": 4344.041015625,
                "27": 4344.576171875,
                "28": 4332.2236328125,
                "29": 4322.73974609375,
                "30": 4339.4931640625,
                "31": 4342.60498046875,
                "32": 4313.4599609375,
                "33": 4314.48193359375,
                "34": 4322.4501953125,
                "35": 4325.404296875,
                "36": 4329.94287109375,
                "37": 4330.044921875,
                "38": 4330.39453125,
                "39": 4330.38037109375,
                "40": 4332.2529296875,
                "41": 4313.75244140625,
                "42": 4315.07470703125,
                "43": 4312.71337890625,
                "44": 4316.35498046875,
                "45": 4318.4951171875,
                "46": 4318.39892578125,
                "47": 4318.83349609375,