{
    "optimierung_id": 2,
    "opt_result": [
        {
            "optimal_value": 4270.29055235849,
            "optimal_schrott_list": [
                4.698682147040328,
                7.109705164521666e-09,
                1.8370736654416326e-08,
                9.874994339263075e-09,
                7.4404256861111815,
                0.3664016931876571,
                132.19802960880082,
                0.0,
                148.34660506722724,
                145.98781723435346,
                2.2391466130117032e-11,
                2.095235584240901e-11,
                5.1887945400216556e-12,
                8.46439050827581e-12,
                0.0,
                5.105697985178486e-12,
                1.986857894497941e-10,
                0.0,
                1.1509902286498694e-10,
                1.1517628278400904e-10,
                3.229632767582571e-12,
                3.2735773557228272e-12,
                3.3304376632904486e-12,
                2.5861238971387755e-12,
                3.3329260634152686e-12,
                3.210848862357758e-12,
                3.1342325011509716e-12,
                0.0,
                3.1564418435759503e-12,
                3.149938479084238e-12,
                0.009595510256004584,
                3.598709432249945e-08,
                5.587162987241396,
                3.7015362417213134e-11,
                7.626803106054967e-09,
                9.633880843791035,
                4.666196447959796e-07,
                4.751550505423783,
                1.0589784195647515e-10,
                4.6667850190023584e-07,
                1.3860918023548876,
                1.5872719059830638e-08,
                1.4631099943962023e-07,
                0.08592923397657704,
                2.400978178215477,
                7.127849930447127e-08,
                26.34650245627372,
                2.0677056255704316,
                57.032345792939246,
                1.3960985235033345e-07,
                2.5481356121827905,
                4.135555715036846,
                8.83211690858971e-12,
                0.0,
                8.865535179040754e-12,
                8.807017396026359e-12,
                3.4395478053819646e-10,
                4.1060368919288183e-10,
                3.4360250826247015e-10,
                34.55113880447657,
                5.588385467855011e-12,
                4.92418153575005e-12,
                5.5917903705072054e-12,
                1.487735054070996e-11,
                7.569723174637143e-12,
                9.727609900535388e-12,
                9.498482273412128e-12,
                7.578572126283109e-12,
                2.792943996275827e-12,
                0.0,
                0.07645418960950792,
                1.6181976485417762,
                4.406083822466584,
                2.550091735170533,
                5.422478171890273e-07,
                6.998081088316284e-10,
                72.35362276797262,
                3.1733661721459847,
                71.8375082794429,
                135.57060310605087,
                4.850863434264114e-12,
                0.0,
                4.0534355510205446e-12,
                1.3033228769206761e-11,
                3.956446068057828e-12,
                4.50372367679328e-12,
                5.9757903112558906e-12,
                4.041789005996933e-12,
                5.942945907947877e-12,
                5.493383541209329e-12,
                2.654464037057652e-13,
                3.147917411939051e-14,
                1.7299501574299938e-14,
                3.566037964773065e-11,
                3.134784201387099e-14,
                2.81938938511336e-13,
                0.0,
                3.3990832989736816e-14,
                1.114807482568963e-12,
                1.5032651284706418e-12,
                4.150472618437704e-11,
                3.778840918996443e-11,
                3.653617153230784e-11,
                5.0862442819425426e-11,
                3.9002495487590504e-11,
                3.8854395554085386e-11,
                4.451040713485055e-11,
                4.010378989934159e-11,
                4.224394745076903e-11,
                4.4413273221542434e-11,
                3.660402111335981e-13,
                0.0,
                4.0288338240972994e-14,
                3.616266149607278e-11,
                3.5877879713246313e-14,
                2.296932673339708e-13,
                1.3342615141549498e-12,
                4.922472259563223e-14,
                1.3659725514056292e-12,
                1.4620320109959875e-12,
                3.726872374542173e-12,
                3.579485152002059e-12,
                3.3381740451504566e-12,
                0.0,
                3.197647212989991e-12,
                3.651977354296939e-12,
                5.274648932213883e-12,
                3.0294946618652218e-12,
                4.952027055470692e-12,
                4.949202653641926e-12,
                2.1035272578694054e-12,
                1.5459837156329718e-12,
                3.4544417236162845e-12,
                1.2286856178916027e-11,
                3.2270037791146383e-12,
                4.0697519553102e-12,
                4.548833730627668e-12,
                2.3633048587332285e-12,
                0.0,
                4.275940756760145e-12,
                2.56335543419426e-11,
                2.770881943383322e-11,
                2.464526454414121e-11,
                3.7425479796701264e-11,
                6.8552108246991905e-12,
                7.061509498050522e-12,
                6.898776826957913e-12,
                6.929049120333852e-12,
                3.178995971580067e-10,
                3.18097001458748e-10,
                0.014185345258735917,
                0.49681533366015995,
                0.006494948267094783,
                0.0,
                0.0016226737627584337,
                5.767080638658651e-09,
                3.8076626821069077e-07,
                1.885765872146238e-08,
                1.6939626645397574e-06,
                14.386197416828445
            ],
            "objective_values": {
                "1": 5206.6943359375,
                "2": 5130.1884765625,
                "3": 5164.72021484375,
                "4": 5305.6767578125,
                "5": 5366.724609375,
                "6": 5347.8095703125,
                "7": 5296.4541015625,
                "8": 5227.4677734375,
                "9": 5215.419921875,
                "10": 5176.9111328125,
                "11": 4986.080078125,
                "12": 4640.9794921875,
                "13": 4640.8818359375,
                "14": 4640.3955078125,
                "15": 4637.96484375,
                "16": 4636.9755859375,
                "17": 4637.69873046875,
                "18": 4641.65283203125,
                "19": 4679.77734375,
                "20": 4705.322265625,
                "21": 4696.1142578125,
                "22": 4698.2255859375,
                "23": 4701.0986328125,
                "24": 4678.59423828125,
                "25": 4694.25830078125,
                "26": 4698.26220703125,
                "27": 4640.712890625,
                "28": 4642.87646484375,
                "29": 4659.2978515625,
                "30": 4656.99658203125,
                "31": 4636.69091796875,
                "32": 4636.26611328125,
                "33": 4635.5361328125,
                "34": 4635.498046875,
                "35": 4635.4755859375,
                "36": 4635.4267578125,
                "37": 4635.4130859375,
                "38": 4635.3798828125,
                "39": 4635.35693359375,
                "40": 4635.39697265625,
                "41": 4637.69287109375,
                "42": 4664.560546875,
                "43": 4639.97705078125,
                "44": 4669.9814453125,
                "45": 4636.462890625,
                "46": 4649.65185546875,
                "47": 4673.162109375,