{
    "optimierung_id": 2,
    "opt_result": [
        {
            "optimal_value": 4462.884426559301,
            "optimal_schrott_list": [
                85.75032399805878,
                0.058945739355790255,
                8.274928953370046e-09,
                4.2215490462199785,
                4.857802011081275,
                0.11511267739043332,
                101.63331012849036,
                0.0,
                104.58402443280957,
                131.6531459070102,
                3.592120604138844e-11,
                6.69496803389037e-12,
                2.925388611570332e-13,
                9.715468516233176e-13,
                0.0,
                2.342658880911e-10,
                1.2441249629784424e-13,
                0.0,
                1.1218785231171692e-13,
                9.692300761021665e-14,
                1.4433970349328564e-11,
                2.496605703514072e-13,
                5.961128235826099e-13,
                4.1759754753703035e-13,
                1.60777841053304e-13,
                1.5714449716149312e-10,
                3.9174213317856824e-13,
                0.0,
                4.1544204640797507e-13,
                4.175330702959537e-13,
                3.7407234734197984e-05,
                4.065474459613843e-08,
                9.997772625216477,
                2.1057793657099604e-06,
                8.591862234247081e-09,
                9.847894011774025,
                0.0886022194545735,
                9.040144493470654,
                1.4236380633695862e-08,
                0.08856901800946003,
                1.1672377320605561e-11,
                1.1859218062384475e-11,
                1.2199865723267003e-11,
                1.2020839412775479e-11,
                4.523374431108367e-09,
                4.747733245251941e-09,
                3.463577230287819e-11,
                7.730221885719045e-11,
                1.1818025230680174e-11,
                1.1810512190170593e-11,
                3.299797625840206,
                0.616719283106083,
                1.3718264646365937e-10,
                0.0,
                6.093813358475521e-09,
                2.4042913003991298e-06,
                4.397964718810916e-06,
                1.1036474337292675e-06,
                4.397952417474856e-06,
                19.09653775974306,
                1.3756966063931279e-09,
                1.1239563112059404e-09,
                1.2349542461399165e-09,
                1.1418201549385668e-09,
                1.126604135020377e-09,
                1.5038658861552145e-09,
                1.0318717477838194e-09,
                8.815741408536334e-10,
                1.1767028160136276e-09,
                0.0,
                0.22044895863592956,
                6.79543071351056,
                0.002051264311899404,
                4.261203110232678,
                0.10105644437358863,
                4.8951928611750815e-09,
                102.27210066532987,
                0.7862232452423763,
                100.19675589061228,
                126.51819692562968,
                7.822504996607757e-10,
                0.0,
                6.251750339213323e-10,
                5.459575051804482e-10,
                6.960563853884668e-10,
                9.159220947709259e-10,
                6.244219111557191e-10,
                4.684031614309247e-10,
                6.28298170582459e-10,
                5.823990464811188e-10,
                1.3799302561382447e-07,
                7.917399779120266e-07,
                1.793356168756007e-10,
                2.7382382501697826e-06,
                8.157581206153699e-10,
                4.760310289216629e-10,
                0.0,
                1.539961238065254e-12,
                1.4838211974671442e-10,
                1.4539268045950785e-10,
                4.67702315551387e-09,
                4.132621812086649e-09,
                4.030107389383568e-09,
                4.500591270994959e-09,
                4.413672882635063e-09,
                4.487658359772492e-09,
                4.676098967319772e-09,
                4.201698876657971e-09,
                4.458395131677858e-09,
                4.651546969222153e-09,
                6.298167856033122e-08,
                0.0,
                1.5864836638632386e-10,
                4.108444530060944e-06,
                8.157657365500393e-10,
                4.72092539844912e-10,
                1.3769402824436845e-10,
                3.732947704396898e-13,
                1.4335759742570513e-10,
                1.5052294009543067e-10,
                6.752730709607579e-10,
                5.310471359832476e-10,
                5.51521261950766e-10,
                0.0,
                6.264678794843336e-10,
                8.3474838015426e-10,
                5.519176260274287e-10,
                3.6030695247714416e-10,
                5.304042654692987e-10,
                5.232331136844686e-10,
                1.3372441591081633e-12,
                1.5418104328957537e-12,
                1.7645397871714307e-12,
                1.5928896522208653e-12,
                1.298906620957747e-12,
                9.88078166971708e-13,
                1.6830443922106651e-12,
                2.1884324981729863e-12,
                0.0,
                1.688296990762435e-12,
                1.7679086689994323e-08,
                1.7793033378726883e-08,
                1.7468372971251412e-08,
                1.775582148813243e-08,
                1.9553127627734538e-11,
                1.958840629320362e-11,
                2.0097294320295383e-11,
                2.0475842076584223e-11,
                6.722304430344782e-11,
                6.715803187265241e-11,
                1.2881923514710112,
                2.2829419573537852,
                8.414516235664699e-06,
                0.0,
                2.036257463572784,
                3.663644454924263e-07,
                1.3180875531486722e-08,
                3.591129904802972e-05,
                6.097566780263107,
                18.94503954017348
            ],
            "objective_values": {
                "1": 5148.90478515625,
                "2": 5490.34912109375,
                "3": 5518.66796875,
                "4": 5481.9521484375,
                "5": 5439.63916015625,
                "6": 5393.34716796875,
                "7": 5162.59228515625,
                "8": 5143.66455078125,
                "9": 5109.373046875,
                "10": 5032.89892578125,
                "11": 4981.720703125,
                "12": 4972.83740234375,
                "13": 4903.009765625,
                "14": 4795.92529296875,
                "15": 4780.26611328125,
                "16": 4738.86767578125,
                "17": 4736.03369140625,
                "18": 4707.197265625,
                "19": 4679.890625,
                "20": 4671.279296875,
                "21": 4658.0322265625,
                "22": 4647.11669921875,
                "23": 4631.45458984375,
                "24": 4619.91748046875,
                "25": 4613.7373046875,
                "26": 4613.22900390625,
                "27": 4612.71044921875,
                "28": 4612.267578125,
                "29": 4623.87109375,
                "30": 4624.099609375,
                "31": 4611.93408203125,
                "32": 4611.2451171875,
                "33": 4611.138671875,
                "34": 4610.12109375,
                "35": 4609.47265625,
                "36": 4609.0830078125,
                "37": 4608.9453125,
                "38": 4608.30078125,
                "39": 4611.021484375,
                "40": 4618.75,
                "41": 4640.4501953125,
                "42": 4607.8798828125,
                "43": 4607.7236328125,
                "44": 4607.646484375,
                "45": 4607.7666015625,
                "46": 4608.50927734375,
                "47": 4608.9091796875,
                "48": 4607.310546875,