{
    "optimierung_id": 1,
    "opt_result": [
        {
            "optimal_value": 4074.6221044400745,
            "optimal_schrott_list": [
                96.53958604393469,
                6.635454846769558,
                1.1200960918428478,
                9.98449424875834,
                6.930846513471526,
                1.9989529239836823,
                70.66725292743841,
                0.0,
                127.76971983024757,
                110.09235336337512,
                3.6455373034111926e-12,
                4.0362931009065e-12,
                1.5954354581589759e-13,
                1.769458320370246e-12,
                0.0,
                1.3887650661053712e-12,
                6.311401457685877e-12,
                0.0,
                6.009202408924513e-12,
                5.246817767541986e-12,
                6.3992967025784065e-12,
                2.483962273155868e-12,
                6.1943486167234996e-12,
                7.067556165702972e-12,
                9.59538718200733e-12,
                1.121137233059103e-11,
                1.4509408725569892e-11,
                0.0,
                7.992119197469727e-12,
                1.4035162942247625e-11,
                2.9086485686606648e-05,
                2.8992785447867377e-05,
                8.86927597203301,
                1.689872356910864e-05,
                1.6897533217380783e-05,
                8.001178377075828,
                2.8978187361108822e-05,
                9.993987932908999,
                1.69021865948419e-05,
                2.897821142735328e-05,
                3.589232102122763e-11,
                3.5792156297005936e-11,
                4.131159011123317e-11,
                3.852943907168893e-11,
                6.321499674537352e-11,
                6.707718765355153e-11,
                6.25611280523237e-11,
                6.699968639797416e-11,
                3.503305642798422e-11,
                3.525824141261972e-11,
                5.007918233727698,
                0.0005994862954460152,
                1.7950347164405864e-10,
                0.0,
                2.6928110315666443e-12,
                1.543172738150331e-11,
                1.0788151078446727e-09,
                9.189991972719925e-11,
                1.0783854699643898e-09,
                16.34340928102281,
                2.8815840499857838e-11,
                2.3751694020418276e-11,
                3.12632413138715e-11,
                3.193760155787572e-11,
                1.9468734619145827e-11,
                2.5276462038886622e-11,
                1.9240334559766283e-11,
                2.4646758229559237e-11,
                2.4266317812291214e-11,
                0.0,
                3.338774469378976e-05,
                0.9332205114729051,
                0.010113970663162657,
                0.010779234326343963,
                0.1333883319904322,
                7.303435920263976e-06,
                0.00020067019527105975,
                0.0003844684172576205,
                2.311803393572786e-05,
                334.42700876263257,
                1.8786117351798468e-11,
                0.0,
                1.9192013786853735e-11,
                1.9717988459327506e-11,
                1.8058420283388384e-11,
                2.1060469568236306e-11,
                1.683994826822446e-11,
                2.2818922381099618e-11,
                1.683315066815305e-11,
                1.5771563874135347e-11,
                6.944014227091008e-12,
                1.7897230072793563e-12,
                8.855440073288346e-12,
                7.227885956246734e-12,
                5.354588597080279e-12,
                5.258768333114287e-12,
                0.0,
                8.993123727906052e-12,
                3.731246604941993e-12,
                4.281587729390735e-12,
                1.2747599160584554e-10,
                1.1156434876868534e-10,
                1.1180136618484976e-10,
                1.2835110538257487e-10,
                1.1882750170753094e-10,
                1.1363908749523101e-10,
                1.2636612457147767e-10,
                1.2426644308164717e-10,
                1.21225202676539e-10,
                1.2645738448725938e-10,
                5.303349708375432e-12,
                0.0,
                9.498283539132198e-12,
                7.604318094133496e-12,
                5.063215107315932e-12,
                4.8169722826013976e-12,
                3.711854981953786e-12,
                8.617439007068313e-12,
                3.90025384141401e-12,
                4.103175404527966e-12,
                1.654383421604045e-11,
                1.3111398741125367e-11,
                1.778067800864063e-11,
                0.0,
                1.6075554900131487e-11,
                1.8642396494866918e-11,
                1.5041125246380838e-11,
                1.9228164419125968e-11,
                1.4245720939578168e-11,
                1.4281345726627475e-11,
                8.81188833439019e-12,
                5.961780097738321e-12,
                9.910811122366945e-12,
                1.0014393714216492e-11,
                1.0223123752887548e-11,
                1.0763546133955157e-11,
                1.0566040801203074e-11,
                1.521100190203071e-11,
                0.0,
                1.0119890899868242e-11,
                7.916373457570278e-11,
                8.21366783986392e-11,
                7.732700870868731e-11,
                8.600871864140449e-11,
                2.455998592287854e-12,
                6.7716290374479185e-12,
                3.3423304195493403e-15,
                6.812928367702475e-12,
                2.7069585015499535e-11,
                2.5659562399892225e-11,
                0.10989369667242668,
                2.430103412790339,
                0.00013396130436279385,
                0.0,
                0.216397857852489,
                5.441581351154545e-07,
                2.2202233461131834e-08,
                1.4990181174056296e-05,
                0.006481125727750906,
                27.2805856923565
            ],
            "objective_values": {
                "1": 4752.29833984375,
                "2": 5093.46728515625,
                "3": 5121.4501953125,
                "4": 5084.734375,
                "5": 5042.42138671875,
                "6": 4996.12939453125,
                "7": 4765.37451171875,
                "8": 4746.44677734375,
                "9": 4712.1552734375,
                "10": 4635.68115234375,
                "11": 4584.48876953125,
                "12": 4575.6103515625,
                "13": 4505.7744140625,
                "14": 4398.666015625,
                "15": 4383.01611328125,
                "16": 4341.64990234375,
                "17": 4338.81591796875,
                "18": 4309.9794921875,
                "19": 4282.6728515625,
                "20": 4274.0615234375,
                "21": 4260.814453125,
                "22": 4249.88525390625,
                "23": 4234.22265625,
                "24": 4222.68603515625,
                "25": 4216.51953125,
                "26": 4216.01123046875,
                "27": 4215.49267578125,
                "28": 4215.0498046875,
                "29": 4226.6533203125,
                "30": 4226.8818359375,
                "31": 4214.71630859375,
                "32": 4214.02734375,
                "33": 4213.9208984375,
                "34": 4212.9033203125,
                "35": 4212.2548828125,
                "36": 4211.865234375,
                "37": 4211.7275390625,
                "38": 4211.0830078125,
                "39": 4211.205078125,
                "40": 4210.96630859375,
                "41": 4246.2685546875,
                "42": 4210.779296875,
                "43": 4210.642578125,
                "44": 4230.38623046875,
                "45": 4232.6357421875,
                "46": 4233.42822265625,