{
    "optimierung_id": 5,
    "opt_result": [
        {
            "optimal_value": 4037.7221840821358,
            "optimal_schrott_list": [
                118.83052130661126,
                0.005743103327352325,
                1.0690633428928065e-06,
                1.294798707626721e-07,
                6.9601865565393,
                5.866153524325401e-07,
                74.24898949265649,
                0.0,
                103.75320971063726,
                129.12010091163629,
                0.0,
                0.0,
                8.324761886779886e-12,
                2.1343169896367864e-10,
                0.0,
                1.2005060097061704e-10,
                1.615052187039362e-10,
                0.0,
                1.4425088185575363e-10,
                1.4757421651877267e-10,
                9.128238789846144e-11,
                1.0937768052388108e-11,
                0.0,
                0.0,
                1.3313435076600655e-10,
                1.557771620031012e-11,
                0.0,
                0.0,
                0.0,
                0.0,
                7.121175127670302e-08,
                0.0,
                6.410264035185408,
                1.650635056914783e-09,
                2.729057068545128e-09,
                9.972802066135039,
                1.9051430820167916e-06,
                9.997401862233609,
                0.0,
                1.9047201657625829e-06,
                0.0,
                0.0,
                0.0,
                0.0,
                0.0,
                0.0,
                0.0,
                0.0,
                0.0,
                0.0,
                5.2743403521198315,
                0.0,
                4.587830809699156e-09,
                0.0,
                0.0,
                1.305544006235948e-10,
                0.0,
                5.15456620268917e-07,
                0.0,
                16.138040184589574,
                0.0,
                0.0,
                0.0,
                0.0,
                6.273560188322595e-11,
                0.0,
                0.0,
                0.0,
                0.0,
                0.0,
                3.6429030920414864,
                9.992943661044137,
                2.548989074184656,
                9.930044584116528,
                2.6313723912543354,
                2.2045703531865628e-06,
                0.0,
                0.0,
                0.0,
                306.6754149510999,
                1.8308315884379252e-10,
                0.0,
                0.0,
                0.0,
                9.783167140309843e-11,
                0.0,
                0.0,
                0.0,
                0.0,
                0.0,
                0.0,
                2.995152435919164e-11,
                0.0,
                3.686743241274297e-10,
                1.370949640012089e-10,
                3.122583055424706e-11,
                0.0,
                1.325839461069211e-10,
                0.0,
                0.0,
                0.0,
                0.0,
                0.0,
                0.0,
                0.0,
                0.0,
                0.0,
                0.0,
                0.0,
                0.0,
                5.863507107536724e-11,
                0.0,
                0.0,
                2.217402969441489e-10,
                1.3406021919942761e-10,
                1.5058578859707752e-11,
                0.0,
                1.992944532513456e-10,
                0.0,
                0.0,
                0.0,
                0.0,
                0.0,
                0.0,
                1.1445820956991045e-10,
                0.0,
                0.0,
                0.0,
                0.0,
                0.0,
                3.832266880947951e-11,
                0.0,
                0.0,
                0.0,
                9.95784597222207e-11,
                0.0,
                0.0,
                0.0,
                0.0,
                0.0,
                1.787561206912161e-10,
                6.648102868992561e-11,
                0.0,
                8.214413144917027e-11,
                0.0,
                0.0,
                0.0,
                0.0,
                2.1620983952849726e-10,
                2.2130616566737316e-10,
                0.023525051139176058,
                1.026677274376664e-06,
                1.2154377662457194e-06,
                0.0,
                0.3984998468588031,
                0.0,
                0.0,
                3.395007521056481e-06,
                2.586535741555166,
                27.437275409683416
            ],
            "objective_values": {
                "1": 4854.38623046875,
                "2": 5192.57958984375,
                "3": 5222.18994140625,
                "4": 5185.47412109375,
                "5": 5143.1611328125,
                "6": 5096.869140625,
                "7": 4866.1142578125,
                "8": 4847.1865234375,
                "9": 4812.89453125,
                "10": 4736.4208984375,
                "11": 4685.22998046875,
                "12": 4676.380859375,
                "13": 4606.5751953125,
                "14": 4499.50048828125,
                "15": 4483.81982421875,
                "16": 4442.3896484375,
                "17": 4439.5556640625,
                "18": 4410.71923828125,
                "19": 4383.41259765625,
                "20": 4374.80126953125,
                "21": 4361.55419921875,
                "22": 4350.62646484375,
                "23": 4334.9638671875,
                "24": 4323.42724609375,
                "25": 4317.25927734375,
                "26": 4316.7509765625,
                "27": 4316.232421875,
                "28": 4315.78955078125,
                "29": 4327.392578125,
                "30": 4322.580078125,
                "31": 4316.07568359375,
                "32": 4316.2373046875,
                "33": 4315.392578125,
                "34": 4313.796875,
                "35": 4313.4248046875,
                "36": 4312.88720703125,
                "37": 4312.65234375,
                "38": 4312.13037109375,
                "39": 4319.58544921875,
                "40": 4311.93701171875,
                "41": 4311.8408203125,
                "42": 4311.46044921875,
                "43": 4316.86865234375,
                "44": 4324.71728515625,
                "45": 4327.1220703125,
                "46": 4311.1650390625,
                "47": 4311.0517578125,
                "48": 4310.90283203125,
                "49": 4310.86376953125,
                "50": 4312.23046875,
                "51": 4310.6259765625,
                "52": 4310.51220703125,
                "53": 4310.41796875,
                "54": 4310.1962890625,
                "55": 4310.14599609375,
                "56": 4310.1142578125,
                "57": 4310.4775390625,
                "58": 4310.091796875,
                "59": 4310.0693359375,
                "60": 4310.03857421875,
                "61": 4309.95556640625,
                "62": 4309.892578125,
                "63": 4309.8818359375,
                "64": 4309.8388671875,
                "65": 4309.85546875,
                "66": 4315.7041015625,
                "67": 4309.765625,
                "68": 4309.6611328125,
                "69": 4309.6162109375,
                "70": 4309.484375,
                "71": 4309.474609375,
                "72": 4309.38623046875,
                "73": 4309.34912109375,
                "74": 4309.3349609375,
                "75": 4309.2861328125,
                "76": 4309.68017578125,
                "77": 4309.7041015625,
                "78": 4309.7060546875,
                "79": 4309.41259765625,
                "80": 4309.33154296875,
                "81": 4309.2255859375,
                "82": 4309.1884765625,
                "83": 4309.19189453125,
                "84": 4309.1630859375,